index,MOL_ID,SMILES,Activity
0,CHEMBL10,C[S+]([O-])c1ccc(-c2nc(-c3ccc(F)cc3)c(-c3ccncc3)[nH]2)cc1,5.837
1,CHEMBL101253,Clc1ccc(Nc2nnc(Cc3ccncc3)c3ccccc23)cc1,5.030
2,CHEMBL103667,Cc1ccc(-n2nc(C(C)(C)C)cc2NC(=O)Nc2ccc(OCC[NH+]3CCOCC3)c3ccccc23)cc1,5.181
3,CHEMBL105442,O=C(NOCC1CC1)c1ccc(F)c(F)c1Nc1ccc(I)cc1Cl,5.000
4,CHEMBL1082440,Cc1cncc2cccc(S(=O)(=O)N3CCC[NH2+]CC3C)c12,5.700
5,CHEMBL1084546,CN(c1ncccc1CNc1nc(Nc2ccc3c(c2)CC(=O)N3)ncc1C(F)(F)F)S(C)(=O)=O,5.700
6,CHEMBL1090356,O=C(Cc1ccccc1)Nc1cccc(-c2nc3sccn3c2-c2ccnc(Nc3ccc(N4CCOCC4)cc3)n2)c1,7.500
7,CHEMBL1090360,O=C(Cc1ccccc1)Nc1cccc(-c2nc3sccn3c2-c2ccnc(Nc3cccc(N4CCOCC4)c3)n2)c1,8.400
8,CHEMBL116070,NC(=O)c1cc2c(Oc3ccc(Br)cc3)cncc2s1,5.700
9,CHEMBL1173655,C[NH+](C)C/C=C/C(=O)Nc1cc2c(Nc3ccc(F)c(Cl)c3)ncnc2cc1O[C@H]1CCOC1,9.695
10,CHEMBL117697,COc1cccc(Nc2ncnc3ccccc23)c1,7.300
11,CHEMBL1190711,COc1ccc(-c2cc3nccn3c(Nc3ncccc3C(N)=O)n2)cc1OC,5.700
12,CHEMBL119385,O=c1ncn2nc(Sc3ccc(F)cc3F)ccc2c1-c1c(Cl)cccc1Cl,5.030
13,CHEMBL1229592,C=CC(=O)Nc1cccc(Oc2nc(Nc3ccc(N4CC[NH+](C)CC4)cc3OC)ncc2Cl)c1,7.404
14,CHEMBL1230020,CCCS(=O)(=O)Nc1ccc(F)c(C(=O)c2c[nH]c3ncc(Cl)cc23)c1F,5.000
15,CHEMBL1230122,Cn1c(=O)c(Oc2ccc(F)cc2F)cc2cnc(NC3CCOCC3)nc21,5.700
16,CHEMBL1230609,COc1cc2c(Oc3ccc(NC(=O)C4(C(=O)Nc5ccc(F)cc5)CC4)cc3F)ccnc2cc1OCCC[NH+]1CCOCC1,6.525
17,CHEMBL1236107,Cn1cc(-c2ccc3nnc(Sc4ccc5ncccc5c4)n3n2)cn1,5.000
18,CHEMBL1236126,CC(C)(C)C(=O)Oc1ccc2c(c1)nc(NC(=O)c1cccc([N+](=O)[O-])c1)n2CCCO,5.700
19,CHEMBL1240703,CO[C@@H]1[C@H](N(C)C(=O)c2ccccc2)C[C@H]2O[C@]1(C)n1c3ccccc3c3c4c(c5c6ccccc6n2c5c31)C(=O)N[C@H]4O,6.150
20,CHEMBL1241473,COc1cc(Nc2ncc([N+](=O)[O-])c(Nc3ccccc3C(N)=O)n2)cc(OC)c1OC,6.000
21,CHEMBL1241674,CC(C)n1nc(-c2cc3cc(O)ccc3[nH]2)c2c(N)ncnc21,5.829
22,CHEMBL1242373,Cc1cccc(NC(=O)Nc2ccc3c(c2)CCc2sc4ncnc(N)c4c2-3)c1,5.700
23,CHEMBL124660,COc1cc2c(N3CCN(C(=O)Nc4ccc(OC(C)C)cc4)CC3)ncnc2cc1OCCC[NH+]1CCCCC1,6.264
24,CHEMBL127898,Cn1cncc1C(OCc1c(-c2ccc(OC(F)(F)F)cc2)cc(C#N)c(=O)n1C)c1ccc(C#N)cc1,5.700
25,CHEMBL1287853,Cc1cnc(Nc2ccc(OCC[NH+]3CCCC3)cc2)nc1Nc1cccc(S(=O)(=O)NC(C)(C)C)c1,5.448
26,CHEMBL1289926,CNC(=O)c1ccccc1Sc1ccc2c(/C=C/c3ccccn3)n[nH]c2c1,5.070
27,CHEMBL1289976,c1ccc(CNc2ccnc3oc4ccccc4c23)cc1,6.229
28,CHEMBL1289977,c1ccc(CCNc2ccnc3oc4ccccc4c23)cc1,5.462
29,CHEMBL1290071,c1ccc2c(CNc3ccnc4oc5ccccc5c34)cccc2c1,6.167
30,CHEMBL1290072,COc1ccc(CNc2ccnc3oc4ccccc4c23)cc1,6.121
31,CHEMBL1290073,Clc1cccc(CNc2ccnc3oc4ccccc4c23)c1,3.000
32,CHEMBL1290177,Clc1ccc(CNc2ccnc3oc4ccccc4c23)cc1,6.301
33,CHEMBL1290178,c1cncc(CNc2ccnc3oc4ccccc4c23)c1,3.000
34,CHEMBL1336,CNC(=O)c1cc(Oc2ccc(NC(=O)Nc3ccc(Cl)c(C(F)(F)F)c3)cc2)ccn1,5.024
35,CHEMBL137422,CNC(=O)c1c([Se][Se]c2c(C(=O)NC)c3ccccc3n2C)n(C)c2ccccc12,5.459
36,CHEMBL1375640,Cc1nc(COc2ccccc2Cl)sc1-c1ccnc(N)n1,5.700
37,CHEMBL1381197,Clc1ccc(CNc2ccc3nnc(-c4ccccc4)n3n2)cc1,5.700
38,CHEMBL1421,Cc1nc(Nc2ncc(C(=O)Nc3c(C)cccc3Cl)s2)cc(N2CC[NH+](CCO)CC2)n1,6.690
39,CHEMBL14326,Nc1ncnc2c1ncn2[C@@H]1O[C@H](CO)[C@@H](O)[C@H]1S,6.000
40,CHEMBL145,O=C([O-])/C=C/c1ccc(O)c(O)c1,3.398
41,CHEMBL1472492,CCCCCCCCCCCCCCCC[n+]1ccn(Cc2ccccc2)c1C,5.800
42,CHEMBL14762,CC[C@H](CO)Nc1nc(NCc2ccccc2)c2ncn(C(C)C)c2n1,5.000
43,CHEMBL1516890,Cn1cc(C=C2C(=O)Nc3cccnc32)c2ccccc21,5.700
44,CHEMBL1614701,Cn1cnc2c(F)c(Nc3ccc(Br)cc3Cl)c(C(=O)NOCCO)cc21,5.269
45,CHEMBL1614705,O=C(CO)N1CCC(c2[nH]nc(-c3ccc(Cl)cc3F)c2-c2ccncn2)CC1,6.700
46,CHEMBL1624529,[NH3+]C1C2CN(c3nc4c(cc3F)c(=O)c(C(=O)[O-])cn4-c3ccc(F)cc3F)CC12,5.700
47,CHEMBL1682335,CCCc1cn(-c2ccc3[nH]ncc3c2)nn1,5.745
48,CHEMBL1682336,COCc1cn(-c2ccc3[nH]ncc3c2)nn1,5.745
49,CHEMBL1682337,OCCCc1cn(-c2ccc3[nH]ncc3c2)nn1,5.745
50,CHEMBL1682338,c1cc2[nH]ncc2cc1-n1cc(C2CC2)nn1,5.745
51,CHEMBL1682339,c1cc2[nH]ncc2cc1-n1cc(C2CCCC2)nn1,5.745
52,CHEMBL1682340,c1cc2[nH]ncc2cc1-n1cc(CC2CCCCC2)nn1,5.745
53,CHEMBL1682341,c1ccc(Cc2cn(-c3ccc4[nH]ncc4c3)nn2)cc1,5.722
54,CHEMBL1682342,c1ccc(CCc2cn(-c3ccc4[nH]ncc4c3)nn2)cc1,5.745
55,CHEMBL1682343,c1ccc(CCCc2cn(-c3ccc4[nH]ncc4c3)nn2)cc1,5.745
56,CHEMBL1682345,c1ccc(Cn2cc(-c3ccc4[nH]ncc4c3)nn2)cc1,5.722
57,CHEMBL1682346,Nc1n[nH]c2ccc(-c3cn(Cc4ccccc4)nn3)cc12,5.722
58,CHEMBL1682357,c1ccc(Cc2cc(-c3ccc4[nH]ncc4c3)on2)cc1,5.722
59,CHEMBL1682359,CCCc1cc(-c2ccc3[nH]ncc3c2)on1,5.722
60,CHEMBL1682360,c1cc2[nH]ncc2cc1-c1cc(C[NH+]2CCCCC2)no1,5.745
61,CHEMBL1682540,c1cnc2nc(-c3ccc4[nH]ncc4c3)cn2c1,5.722
62,CHEMBL1682545,c1ccc(Nc2nc(-c3ccc4[nH]ncc4c3)cs2)cc1,5.722
63,CHEMBL1682546,c1ccc(CNc2nc(-c3ccc4[nH]ncc4c3)cs2)cc1,5.722
64,CHEMBL1682552,c1cnc2nc(-c3ccc4[nH]ncc4c3)c(NC3CCCCC3)n2c1,5.722
65,CHEMBL1682553,CC(C)Nc1c(-c2ccc3[nH]ncc3c2)nc2ncccn12,5.722
66,CHEMBL1682557,C[NH+](C)CCn1cnc(-c2ccc(F)cc2)c1-c1ccc2[nH]ncc2c1,7.174
67,CHEMBL1682558,Fc1ccc(-c2ncn(CC[NH+]3CCOCC3)c2-c2ccc3[nH]ncc3c2)cc1,7.585
68,CHEMBL1682559,Fc1ccc(-c2ncn(CCC[NH+]3CCOCC3)c2-c2ccc3[nH]ncc3c2)cc1,7.569
69,CHEMBL1682560,Fc1ccc(-c2ncn(C3CC[NH+](Cc4ccccc4)C3)c2-c2ccc3[nH]ncc3c2)cc1,8.097
70,CHEMBL1721885,Cc1[nH]c(/C=C2\C(=O)Nc3ccc(F)cc32)c(C)c1C(=O)NC[C@H](O)C[NH+]1CCOCC1,5.026
71,CHEMBL1725279,Oc1c2ccccc2c2c3c(cccc13)N=N2,5.700
72,CHEMBL1727312,O=C1Nc2ccccc2Nc2ccccc21,5.000
73,CHEMBL1765781,CNc1cncc(-c2c[nH]c(=O)c(NC(=O)c3ccc(N4CCC[C@H]4C[NH+]4CCCC4)cc3)c2)n1,6.000
74,CHEMBL1789941,N#CC[C@H](C1CCCC1)n1cc(-c2ncnc3[nH]ccc23)cn1,5.000
75,CHEMBL180022,CCOc1cc2ncc(C#N)c(Nc3ccc(OCc4ccccn4)c(Cl)c3)c2cc1NC(=O)/C=C/C[NH+](C)C,8.960
76,CHEMBL1825138,CC(Oc1cc(-c2cnn(C3CC[NH2+]CC3)c2)cnc1N)c1c(Cl)ccc(F)c1Cl,5.700
77,CHEMBL183844,Cc1cccc(NC(=O)Nc2ccc(-c3cccc4c3CNC4=O)cc2C)c1,5.700
78,CHEMBL184847,Cc1ccc(NC(=O)Nc2ccc(-c3cccc4c3CNC4=O)cc2)cc1C,5.700
79,CHEMBL185569,Cc1cccc(NC(=O)Nc2ccc(-c3cccc4c3CNC4=O)cc2)c1,5.700
80,CHEMBL1908391,Cc1ccc(NC(=O)c2ccc(C[NH+]3CC[NH+](C)CC3)cc2)cc1Nc1nc(-c2cccnc2)cs1,5.193
81,CHEMBL1908394,C[C@@H](Oc1cc(-n2cnc3ccc(C[NH+]4CC[NH+](C)CC4)cc32)sc1C(N)=O)c1ccccc1C(F)(F)F,5.000
82,CHEMBL1908395,C[NH+](C)CC(=O)N1CCC(c2ccc(NC(=O)c3nc(C#N)c[nH]3)c(C3=CCCCC3)c2)CC1,5.230
83,CHEMBL1908396,COc1cc(Oc2ccnc3cc(OC)c(OC)cc23)ccc1NC(=O)NC(C)c1nccs1,5.146
84,CHEMBL1908397,O=C(c1ccc(/C=C/c2n[nH]c3ccccc23)cc1)N1CC[NH2+]CC1,5.292
85,CHEMBL191003,Nc1nc(Nc2ccc(S(N)(=O)=O)cc2)nn1C(=O)c1c(F)cccc1F,5.000
86,CHEMBL1958401,O=c1cc(-c2ccncc2)nc(NC2CCCCC2)[nH]1,5.700
87,CHEMBL196363,Cc1cccc(NC(=O)Nc2ccc(-c3csc4ncnc(N)c34)cc2)c1,5.700
88,CHEMBL1964290,Cc1cccc(-c2[nH]c(-c3ccnc(N)n3)cc2C(N)=O)c1C,5.700
89,CHEMBL1964307,Cc1cccc(NC(=O)Cc2ccc(-c3cccc4[nH]nc(N)c34)cc2)c1,5.700
90,CHEMBL1964399,COc1ccc(Nc2nccc(Nc3c(NC(C)C(C)(C)C)c(=O)c3=O)n2)cc1OC,5.700
91,CHEMBL1964413,FC(F)(F)c1ccc(Cn2cc(-c3ccc4[nH]ncc4c3)nn2)c(C(F)(F)F)c1,5.700
92,CHEMBL1964444,Cc1ccc2nccc(NC(=O)Nc3cccc(C(F)(F)F)n3)c2c1,5.700
93,CHEMBL1964644,O=C(NCc1ccccc1)Nc1ncc([N+](=O)[O-])s1,5.700
94,CHEMBL1964687,Cc1cc(C)cc(NC(=O)Nc2ccc3c(c2)CCc2sc4ncnc(N)c4c2-3)c1,5.700
95,CHEMBL1964692,Cn1nc(N)c2c(-c3ccc(NC(=O)Nc4cccc(C(F)(F)F)c4)cc3)cncc21,6.500
96,CHEMBL1964804,CS(=O)(=O)NCCOc1cncc(-c2ccc3cnccc3c2)c1,5.700
97,CHEMBL1964937,O=C(NC(CO)c1ccccc1)N1CC=C(c2c[nH]c3ncccc23)CC1,5.700
98,CHEMBL1965131,Cc1ccc(C(=O)Nc2c(C(N)=O)sc3ccc(Cl)c(Cl)c23)cc1,5.700
99,CHEMBL1965423,CC(C)Cn1c(N)nc2ccc(-c3c(-c4ccc(F)cc4)nc4sccn34)cc21,6.000
100,CHEMBL1965495,Cc1n[nH]c2ncc(C#N)c(-c3ccccc3)c12,5.700
101,CHEMBL1965507,Cc1cccc(NC(=O)Nc2ccc(NC(=O)c3csc4ncnc(N)c34)cc2)c1,6.400
102,CHEMBL1965570,Nc1ncc(-c2ccoc2)c2scc(-c3ccc(NC(=O)Nc4ccccc4F)cc3)c12,5.700
103,CHEMBL1965589,Cc1nccn2c(-c3ccnc(NCC4(O)CC4)n3)c(-c3ccc(F)cc3F)nc12,5.700
104,CHEMBL1965631,C[NH+](C)CC(=O)Nc1n[nH]c2ccc(-c3cn(Cc4ccccc4)nn3)cc12,5.700
105,CHEMBL1965660,NC(=O)c1cc(-c2ccnc(N)n2)[nH]c1-c1ccc(Cl)cc1Cl,5.700
106,CHEMBL1965845,COc1cccc(C(C)NC(=O)N2CC=C(c3c[nH]c4ncccc34)CC2)c1,5.700
107,CHEMBL1965910,Nc1ncnc2c1c(-c1cccc(OCc3ccccc3)c1)cn2C1CCC([NH+]2CCCC2)CC1,5.700
108,CHEMBL1965988,Cc1cccc(NC(=O)Nc2ccc(-c3csc4c(C#CC[NH3+])cnc(N)c34)cc2)c1,5.700
109,CHEMBL1966069,c1ccc2c(c1)nnn2Cc1cn(-c2ccc3[nH]ncc3c2)nn1,5.700
110,CHEMBL1966279,[NH3+]CCCNS(=O)(=O)c1cccc(C(=O)Nc2ccc(-c3n[nH]c(=O)c4ccccc34)cc2)c1,5.700
111,CHEMBL1966343,CC(C)Cc1cc(-c2ccc3[nH]nc(N)c3c2)on1,5.700
112,CHEMBL1966514,Nc1ncc(-c2ccoc2)c2scc(-c3ccc(NC(=O)Nc4cccc(F)c4)cc3)c12,5.700
113,CHEMBL1966524,[NH3+]C(COc1cncc(-c2cc3ccncc3s2)c1)Cc1c[nH]c2ccccc12,5.800
114,CHEMBL1966628,[NH3+]C1CCC(Nc2nccc(-c3c[nH]c4ncccc34)n2)CC1,5.700
115,CHEMBL1966703,Cc1n[nH]c2c1C(c1ccccc1F)C1=C(CC(C)(C)CC1=O)N2,5.700
116,CHEMBL1966722,O=C(NNC(=S)Nc1ccc(Cl)cc1)C(O)(c1ccccc1)c1ccccc1,5.700
117,CHEMBL1966808,O=c1[nH]c2sc3c(c2c2nc(-c4ccncc4)nn12)CCCC3,5.700
118,CHEMBL1966816,O=C(Nc1cccc(C(F)(F)F)n1)Nc1ccnc2c(F)cccc12,5.700
119,CHEMBL1967094,O=C(NCc1ccc(Cl)cc1)c1cc2c(-c3ccccc3)n[nH]c2s1,5.700
120,CHEMBL1967116,Cc1cccc(NC(=O)Nc2ccc(-c3csc4c(-c5cnn(C)c5)cnc(N)c34)cc2)c1,6.100
121,CHEMBL1967302,[NH3+]C(COc1cncc(-c2ccc3c(c2)CC(=O)N3)c1)Cc1c[nH]c2ccccc12,5.700
122,CHEMBL1967531,Nc1ncnc2scc(-c3ccc(NC(=O)Nc4ccccc4)cc3)c12,5.700
123,CHEMBL1967560,CCN1C(=O)N(C)c2cnc(Nc3ccc(C(=O)NC4CC[NH+](C)CC4)cc3OC)nc2N1C1CCCC1,5.700
124,CHEMBL1967564,CCCC(=O)Nc1n[nH]c2nc3ccccc3cc12,5.700
125,CHEMBL1967878,Cc1cc(Nc2ncc(F)c(NC3C4C=CC(C4)C3C(N)=O)n2)ccc1N1CC[NH+](C)CC1,7.100
126,CHEMBL1968070,NC(=O)c1cccc2c1Nc1nnc(Cl)cc1C(=O)N2,5.700
127,CHEMBL1968151,O=c1[nH]c2sccc2c2nc(-c3ccncc3)nn12,5.700
128,CHEMBL1968245,[NH3+]C(COc1cc(C=Cc2ccncc2)cnc1Cl)Cc1c[nH]c2ccccc12,5.700
129,CHEMBL1968380,CCC1C(=O)N(C)c2cnc(Nc3ccc(C(=O)NC4CC[NH+](C)CC4)cc3OC)nc2N1C1CCCC1,6.600
130,CHEMBL1968406,CCc1cccc(NC(=O)Nc2ccc3c(c2)CCc2sc4ncnc(N)c4c2-3)c1,5.700
131,CHEMBL1968590,CNC(=O)C=Cc1cnc(N)c2c(-c3ccc4sc(C)nc4c3)csc12,5.700
132,CHEMBL1968705,CCCC(=O)Nc1cccc(-c2nc(Nc3ccc4[nH]ncc4c3)c3cc(OCC[NH+]4CCCC4)ccc3n2)c1,5.700
133,CHEMBL1968791,Cc1c(-c2cccc(OCc3ccccc3)c2)c2c(N)ncnc2n1C1CC(C[NH+]2CCCC2)C1,5.700
134,CHEMBL1968850,O=C1Nc2ccccc2Nc2nnc(Cl)cc21,5.700
135,CHEMBL1969042,Oc1ccc(Nc2[nH]nc(-c3ccc(O)cc3)c2-c2ccc(O)cc2)cc1,5.700
136,CHEMBL1969049,COc1cccc(C(C)NC(=O)c2ccc(-c3ccncc3)c(C)c2)c1,5.700
137,CHEMBL1969102,Cc1cccc(NC(=O)Nc2ccc(-c3csc4c(-c5cn[nH]c5)cnc(N)c34)cc2)c1,6.300
138,CHEMBL1969156,Nc1nccc2cnc(-c3ccccc3)n12,4.700
139,CHEMBL1969190,COc1ccc(-c2ccc(NC(=O)Nc3cc(F)cc(F)c3)cc2)c2c(N)noc12,5.700
140,CHEMBL1969264,CC(C)(C)NC(=O)c1ccc2nc3[nH]c4ccccc4c3nc2c1,5.700
141,CHEMBL1969301,CCCCn1c(NC(=O)c2cccc(C#N)c2)nc2cc(N(C)C(=O)C3CCCCC3)ccc21,5.700
142,CHEMBL1969502,O=C1NN=Cc2c[nH]c3cc(NC(=O)C4CC4c4ccccc4)cc1c23,6.400
143,CHEMBL1969506,CC(C)(C)OC(=O)n1ncc2cc(Nc3c(NCc4ccc(S(N)(=O)=O)cc4)c(=O)c3=O)ccc21,5.700
144,CHEMBL1969523,Cc1cccc(Nc2nccc(Nc3c(NC(C)C(C)(C)C)c(=O)c3=O)n2)c1,5.700
145,CHEMBL1969537,S=c1[nH]nc2n1-c1n[nH]c(=S)n1-c1sc3c(c1-2)CCC3,5.700
146,CHEMBL1969561,CC(C)N(C)C(=O)c1c(-c2ccc3[nH]ncc3c2)nnn1Cc1ccccc1,5.700
147,CHEMBL1969588,Clc1cc(-c2c[nH]c3ncccc23)cc(NCc2ccccc2)n1,6.700
148,CHEMBL1969664,N#Cc1ccc2[nH]c(O)c(-c3ccc(C[NH+]4CCOCC4)cn3)c2c1,5.700
149,CHEMBL1969755,O=C(NC(CO)Cc1ccccc1)c1ccc(-c2ccncc2)cc1F,5.700
150,CHEMBL1969843,c1cc2[nH]ncc2cc1-c1cn(CC2CCOCC2)nn1,5.700
151,CHEMBL1969879,CC1CCN(C(=O)CO)CC1N(C)c1ncnc2[nH]ccc12,5.700
152,CHEMBL1970074,Cc1n[nH]c2cccc(-c3ccc(NC(=O)Nc4cccc(C(F)(F)F)c4)cc3)c12,5.700
153,CHEMBL1970083,Nc1ncc(-c2ccncc2)c2scc(-c3ccc(NC(=O)Nc4cc(C(F)(F)F)ccc4F)cc3)c12,5.700
154,CHEMBL1970104,CC(C)(C)c1ccc2nc(-c3n[nH]c4ccccc34)[nH]c2c1,5.700
155,CHEMBL1970142,CNC(=O)C(C)n1cc(-c2cnc(N)c3c(-c4ccc(NC(=O)Nc5ccc(C)cc5)cc4)csc23)cn1,5.700
156,CHEMBL1970189,Cc1n[nH]c2c1C(c1ccccc1Cl)C(C#N)=C(N)O2,5.700
157,CHEMBL1970203,Cc1cc(C)cc(NC(=O)Nc2ccc(NC(=O)c3csc4ncnc(N)c34)cc2)c1,5.700
158,CHEMBL1970217,COc1cccc(C(C)NC(=O)c2ccc(-c3ccncc3C)cc2)c1,5.700
159,CHEMBL1970314,NC(=O)c1cc(-c2cccc(N)c2)cc2cccnc12,6.500
160,CHEMBL1970317,Cn1cc(-c2cnc(N)c3c(-c4ccc(NC(=O)Nc5cccc(F)c5)cc4)csc23)cn1,6.500
161,CHEMBL1970340,Nc1noc2cccc(-c3cccc(O)c3)c12,5.700
162,CHEMBL1970522,COc1cc(C=C2SC(=[NH+]c3ccccc3)NC2=O)ccc1O,6.700
163,CHEMBL1970709,O=C(NCc1ccc(Br)cc1)Nc1ccc2[nH]ncc2c1,5.700
164,CHEMBL1970806,O=c1[nH]c2sc3c(c2c2nc(-c4cccnc4)nn12)CCCC3,5.700
165,CHEMBL1970879,COc1cc(-c2nn(C3CCC([NH+]4CCN(C(C)=O)CC4)CC3)c3ncnc(N)c23)ccc1NC(=O)c1cc2ccccc2n1C,7.600
166,CHEMBL1970903,Cc1n[nH]c2ccc(-c3cncc(OCC([NH3+])Cc4c[nH]c5ccccc45)c3)cc12,5.700
167,CHEMBL1970913,CCCC(=O)Nc1nn(C(=O)CC)c2nc3ccccc3cc12,5.700
168,CHEMBL1971017,NC(=O)c1cc2c(-c3cccc(F)c3)cncc2s1,5.700
169,CHEMBL1971021,Cc1cc(C)cc(NC(=O)Nc2ccc(-c3cccc4c3CNC4=O)c(C(F)(F)F)c2)c1,5.700
170,CHEMBL1971029,CNS(=O)(=O)c1ccccc1Nc1nc(Nc2cc(N3CCN(C(C)=O)CC3)ccc2OC)ncc1Br,7.000
171,CHEMBL1971141,Cc1cccc(NC(=O)Nc2ccc(-c3cccc(C(N)=O)c3)cc2)c1,5.700
172,CHEMBL1971245,C[NH+]1CCN(c2cccc(Nc3nccc(-c4c(C(N)=O)nc5ccccn45)n3)c2)CC1,5.700
173,CHEMBL1971649,Cc1ccc(F)c(NC(=O)Nc2ccc(-c3ccc4nccnc4c3N)cc2)c1,5.700
174,CHEMBL1971694,CCCCNc1n[s+]([O-])nc1Nc1ccc(F)cc1,5.700
175,CHEMBL1971943,Cc1c[nH]c2nccc(Oc3c(F)cc(Nc4cc(Cl)nc(N)n4)cc3F)c12,5.700
176,CHEMBL1971947,Cc1cccc(NC(=O)Nc2ccc(-c3csc4c(C#Cc5cccnc5)cnc(N)c34)cc2)c1,5.700
177,CHEMBL1972119,O=C(Nc1cccc(N2CCOCC2)n1)Nc1ccnc2c(C(F)(F)F)cccc12,5.700
178,CHEMBL1972125,Nc1ccc(-c2cncc(OCC([NH3+])Cc3c[nH]c4ccccc34)c2)cc1C(=O)c1ccccc1,5.700
179,CHEMBL1972142,O=C(NCc1ccccc1)c1cccc(-c2cnc3[nH]ccc3c2)c1,5.700
180,CHEMBL1972158,Nc1n[nH]c2ccc(-c3nnn(Cc4ccccc4)c3-c3ccccc3)cc12,5.700
181,CHEMBL1972221,CCCS(=O)(=O)Nc1ccc(-c2ccc3[nH]nc(NC(=O)CC)c3c2)cc1,5.700
182,CHEMBL1972250,C#Cc1cc2c(cc1OC)-c1[nH]nc(-c3ccc(C#N)nc3)c1C2,5.700
183,CHEMBL1972362,CS(=O)(=O)c1ccc(-c2cncc3sc(C(N)=O)cc23)cc1,5.700
184,CHEMBL1972365,Nc1cc2nc(-c3ccccc3)cn2cn1,4.700
185,CHEMBL1972489,O=C(Nc1ccc2cn[nH]c2c1)c1ccc(Cl)cc1,5.700
186,CHEMBL1972576,Cc1ccc(NC(=O)Nc2ccc(NC(=O)c3csc4ncnc(N)c34)cc2)cc1,5.700
187,CHEMBL1972584,CC(=O)N1CC[NH+](C2CCC(n3nc(-c4ccc(NC(=O)c5cc6ccccc6n5C)cc4)c4c(N)ncnc43)CC2)CC1,6.100
188,CHEMBL1972659,Cc1c(O)ccc2c1CCCC2=NNC(=O)Cc1cccc2ccccc12,5.700
189,CHEMBL1972840,[NH3+]C(COc1cncc(-c2cc3cnccc3s2)c1)Cc1c[nH]c2ccccc12,5.700
190,CHEMBL1972849,CC(C)(CO)c1nnc2ccc(-c3c(-c4ccc(F)cc4F)nc4occn34)nn12,6.100
191,CHEMBL1972937,COc1cccc(C=C2SC(=[NH+]c3ccccc3)NC2=O)c1,5.700
192,CHEMBL1973098,COc1cc(C=C2SC(=S)NC2=O)ccc1O,5.700
193,CHEMBL1973142,CC(=O)Nc1c(C(N)=O)sc2ccc(Cl)c(Cl)c12,5.700
194,CHEMBL1973145,Cc1cccc(NC(=O)Nc2ccc(-c3csc4nc(N)nc(N)c34)cc2)c1,5.700
195,CHEMBL1973211,Cc1cccc(NC(=O)Nc2ccc(-c3csc4c(C#CC[NH+]5CCCC5)cnc(N)c34)cc2)c1,5.700
196,CHEMBL1973348,Nc1ccc(-c2cncc(OCC([NH3+])Cc3c[nH]c4ccccc34)c2)cc1C(=O)c1cccc(Cl)c1,5.700
197,CHEMBL1973395,OC1CCN(c2ncnc3[nH]cc(-c4ccccc4)c23)CC1,5.800
198,CHEMBL1973483,O=C(Nc1cccc(C(F)(F)F)n1)Nc1ccnc2cc(C(F)(F)F)ccc12,5.700
199,CHEMBL1973540,O=C1Nc2ccc3ncsc3c2C1=CNc1ccc(S(=O)(=O)Nc2ccccn2)cc1,5.700
200,CHEMBL1973711,N#Cc1c(O)[nH]c(=O)c2c(=N)oc3ccc(Cl)cc3c12,5.700
201,CHEMBL1973808,O=C(Nc1ccc2[nH]ncc2c1)c1ccc(Cl)cc1,5.700
202,CHEMBL1973860,OCCNc1cc2cc(-c3ccsc3)ccc2cn1,5.700
203,CHEMBL1973893,CCCS(=O)(=O)Nc1ccc(-c2ccc3[nH]nc(NC(C)=O)c3c2)cc1,5.700
204,CHEMBL1973937,Cc1ccc(-c2ccc(NC(=O)Nc3cccc(Br)c3)cc2)c2c(N)n[nH]c12,5.700
205,CHEMBL1974310,NC(=O)c1cc2c(-c3ccc(F)cc3)cncc2s1,5.700
206,CHEMBL1974328,Cc1cccc(Nc2nc(NC3CCCCC3[NH3+])cnc2C(N)=O)c1,5.700
207,CHEMBL1974416,O=C(Nc1cnc2[nH]cc(-c3ccccc3)c2c1)c1cccc(F)c1F,6.000
208,CHEMBL1974457,O=C([O-])c1cc2c(-c3cccc(F)c3)cncc2s1,5.700
209,CHEMBL1974664,COc1ccc(C=NNc2ncnc3c2[nH]c2ccccc23)cc1OC,5.700
210,CHEMBL1974702,Cc1nc2c(sc3c(Br)ccc(Cl)c32)c(=O)o1,5.700
211,CHEMBL1974935,[NH3+]C(COc1cncc(C=Cc2ccncc2)c1)Cc1c[nH]c2ccccc12,5.700
212,CHEMBL1975121,COc1cccc(C(C)NC(=O)c2ccc(-c3ccncc3)cc2)c1,5.700
213,CHEMBL1975128,Nc1n[nH]c2ccc(-c3nnn(Cc4ccccc4)c3I)cc12,5.700
214,CHEMBL1975138,O=C(NNC(=S)Nc1ccc(F)cc1)C(O)(c1ccccc1)c1ccccc1,5.700
215,CHEMBL1975233,COc1cc(C)c(Cl)cc1NC(=O)Nc1cnc(C#N)cn1,5.700
216,CHEMBL1975256,Nc1nonc1-n1nnc(C(=O)NN=Cc2cccs2)c1-c1cccs1,5.700
217,CHEMBL1975418,c1ccc(Cn2nnc(-c3ccc4[nH]ncc4c3)c2C2CC2)cc1,5.700
218,CHEMBL1975490,[NH3+]CCCOc1cc2c(c(-c3ccc(Nc4nc5ccccc5o4)cc3)c1)CNC2=O,5.700
219,CHEMBL1975500,COc1cc(-c2ccc3c(c2)Nc2ccc(C(=O)NCCNC(C)=O)cc2NC3=O)ccc1O,6.100
220,CHEMBL1975534,Nc1ncnc2c1c(I)cn2CC(O)C(O)C[NH3+],5.700
221,CHEMBL1975647,O=C(Nc1cnccn1)Nc1ccnc2c(F)cccc12,5.700
222,CHEMBL1975787,NC(=O)c1cc2c(-c3ccc(F)cc3F)cncc2s1,5.700
223,CHEMBL1975900,O=c1c(NCc2ccc(Cl)c(Cl)c2)c(Nc2ccncc2)c1=O,5.700
224,CHEMBL1976090,Nc1ncnc2c1sc1ncnc(N)c12,5.700
225,CHEMBL1976134,c1cc2cc(-c3ccc4cn[nH]c4c3)cnc2[nH]1,5.700
226,CHEMBL1976220,Nc1nccc2scc(-c3ccc(NC(=O)Nc4cccc(Br)c4)cc3)c12,5.700
227,CHEMBL1976240,COc1cccc(C(C[NH3+])NC(=O)c2ccc(-c3ccncc3)cc2)c1,5.700
228,CHEMBL1976328,Cc1cc(C)cc(NC(=O)Nc2ccc(-c3cccc4snc(N)c34)cc2)c1,5.700
229,CHEMBL1976420,CCc1c(-c2ccc(C(C)(C)O)cc2)[nH]c2nccnc12,5.700
230,CHEMBL1976455,O=C(Nc1cnccn1)Nc1ccnc2ccc(C(F)(F)F)cc12,5.700
231,CHEMBL1976732,CC(C)(O)Cc1nnc2ccc(-c3c(-c4ccc(F)cc4F)nc4occn34)nn12,5.900
232,CHEMBL1976872,CC(=O)Nc1cc2ccccn2n1,4.700
233,CHEMBL1977041,COC(=O)c1c(-c2ccc(NC(=O)Nc3ccccc3)cc2)c2c(N)ncnn2c1C,5.700
234,CHEMBL1977223,CCCC(=O)Nc1n[nH]c2ccc(-c3cn(Cc4ccccc4)nn3)cc12,5.700
235,CHEMBL1977346,O=C1Nc2ccccc2Nc2nnc(I)cc21,5.700
236,CHEMBL1977374,CC(C)c1nnc2ccc(-c3c(-c4ccc(F)cc4F)nc4n3CCC4)nn12,6.100
237,CHEMBL1977619,O=C([O-])c1cc(-c2cccs2)n2nccc2n1,4.700
238,CHEMBL1977681,CNC(=O)c1cc2c(-c3ccccc3F)n[nH]c2s1,5.700
239,CHEMBL1978014,C[NH+]1CCC(C(=O)n2nc(N)c3cc(-c4cn(Cc5ccccc5)nn4)ccc32)CC1,5.700
240,CHEMBL1978099,CNC(=O)COc1ccc(Nc2nc(Nc3ccc(C)c(S(N)(=O)=O)c3)ncc2F)cc1,6.200
241,CHEMBL1978448,CS(=O)(=O)N(Cc1ccc2[nH]c(=O)c3cccn3c2c1)C1CC1,6.300
242,CHEMBL1979057,O=C1NCc2c1cccc2-c1ccc(Nc2nc3ccccc3[nH]2)cc1,5.700
243,CHEMBL1979093,COc1ccc(-c2ccc(NC(=O)Nc3ccc(F)c(C)c3)cc2)c2c(N)noc12,5.700
244,CHEMBL1979176,COc1ccc2c(NC(=O)Nc3cc(C(F)(F)F)ccn3)ccnc2c1,5.700
245,CHEMBL1979252,O=c1c(NCc2cccc(C(F)(F)F)c2)c(Nc2ccncc2)c1=O,5.700
246,CHEMBL1979357,Cn1cc(C(C[NH3+])c2cncc(C=Cc3ccncc3)c2)c2ccccc21,5.700
247,CHEMBL1979554,O=c1c(NCc2ccc(Cl)cc2Cl)c(Nc2ccc3[nH]ncc3c2)c1=O,5.700
248,CHEMBL1979577,Cc1cccc(NC(=O)Nc2ccc(-c3csc4c(C#CC(C)(C)[NH3+])cnc(N)c34)cc2)c1,5.700
249,CHEMBL1979718,Cc1c(C)n(Cc2ccccc2)c2ccc(C(=O)Nc3nc[nH]n3)cc12,5.700
250,CHEMBL1979855,CC(C)(C)c1cc(NC(=O)Nc2cccc3ccccc23)n(-c2cccc(C(=O)NCC#N)c2)n1,5.700
251,CHEMBL1979883,Cc1cccc(NC(=O)Nc2ccc(-c3csc4c(C#CC[NH+](C)C)cnc(N)c34)cc2)c1,5.700
252,CHEMBL1979970,CCCC(=O)Nc1n[nH]c2nnc(-c3cccc(F)c3F)cc12,5.700
253,CHEMBL1980142,O=C(Nc1cccc(C(F)(F)F)n1)Nc1ccnc2c(C(F)(F)F)cccc12,5.700
254,CHEMBL1980144,Cc1ccccc1NC(=O)Nc1ccc(NC(=O)c2csc3ncnc(N)c23)cc1,5.700
255,CHEMBL1980163,c1ccc(COc2ccc(Nc3ncnc4ccccc34)cc2)cc1,7.000
256,CHEMBL1980297,Nc1ncc(-c2cnn(CCO)c2)c2scc(-c3ccc(NC(=O)Nc4cccc(F)c4)cc3)c12,6.300
257,CHEMBL1980391,COc1cc2c(cc1F)C(c1ccccc1Cl)=Nc1c(n[nH]c1C)N2,5.800
258,CHEMBL1980489,O=c1c(NCc2ccc(Cl)cc2)c(Nc2ccncc2)c1=O,5.700
259,CHEMBL1980540,O=C(Nc1cccc(C(F)(F)F)n1)Nc1ccnc2c(Cl)cccc12,5.700
260,CHEMBL1980704,Cc1cc2nnc(SCc3cn4ccccc4n3)n2c2ccccc12,5.700
261,CHEMBL1980802,N#Cc1ncc2nc1OCC(O)C(O)COc1ccc(Cl)cc1NC(=O)N2,5.700
262,CHEMBL1980896,Nc1ncnc2sc(Br)c(-c3ccc(NC(=O)Cc4cccc(Cl)c4)cc3)c12,5.700
263,CHEMBL1980995,C[NH2+]C1CC2OC(C)(C1OC)n1c3ccccc3c3c4c(c5c6ccccc6n2c5c31)C(=O)NC4,7.600
264,CHEMBL1981045,COc1cc(-c2ccc3c(c2)Nc2ccc(CCOc4ccc(N5CCOCC5)cc4)cc2NC3=O)ccc1OCC(O)CO,5.900
265,CHEMBL1981047,COC(C(=O)N1Cc2[nH]nc(NC(=O)c3ccc(N4CC[NH+](C)CC4)cc3)c2C1)c1ccccc1,6.400
266,CHEMBL1981079,NC(=O)c1cc(-c2ccnc(N)n2)[nH]c1-c1ccc(Cl)cc1F,5.700
267,CHEMBL1981410,CNc1ncnc2c1N=C(c1ccc(NC(=O)Nc3cccc(C(F)(F)F)c3)cc1)CCN2,5.700
268,CHEMBL1981720,O=C(Nc1cnccn1)Nc1ccnc2ccccc12,5.700
269,CHEMBL1981725,CC[NH+]1CCN(c2ccc(Nc3nccc(-c4c(-c5cccc(C(=O)Nc6ccccc6F)c5)nc5ccccn45)n3)cc2)CC1,8.200
270,CHEMBL1981782,O=C(NCc1ccc(Cl)c(Cl)c1)Nc1ccc2[nH]ncc2c1,5.700
271,CHEMBL1982122,OCCC(Nc1nc2ccc(-c3ccncc3)cc2s1)c1ccccc1,5.700
272,CHEMBL1982135,Cc1ccccc1NC(=O)Nc1ccc2c(c1)CCc1sc3ncnc(N)c3c1-2,5.700
273,CHEMBL1982361,O=c1c(NCc2ccccc2F)c(Nc2ccncc2)c1=O,5.700
274,CHEMBL1982465,Cc1cccc(NC(=O)Nc2ccc(-c3csc4c(C#CC[NH+]5CCOCC5)cnc(N)c34)cc2)c1,5.700
275,CHEMBL1982466,Cc1ccc(NC(=O)Nc2ccc(-c3csc4c(-c5cnn(C)c5)cnc(N)c34)cc2)cc1,5.700
276,CHEMBL1982476,CNC(=O)c1cnc(N)c2c(-c3ccc(NC(=O)Nc4cccc(Cl)c4)cc3)csc12,5.900
277,CHEMBL1982506,COc1cc2cnc3c(c2cc1OC)C(=O)NC3=O,5.700
278,CHEMBL1982610,O=c1[nH]cc(I)c2nc(-c3cccc(Cl)c3)cn12,5.700
279,CHEMBL1982660,COc1ccc2c(NC(=O)Nc3cccc(C(F)(F)F)n3)ccnc2c1,5.700
280,CHEMBL1982711,NC(=O)c1ccc(-c2c[nH]c3nccc(Cl)c23)cc1,5.700
281,CHEMBL1982866,COCCn1cc(-c2ccncn2)c(-c2ccc(Cl)cc2)n1,7.600
282,CHEMBL1982874,Nc1nc2ccc(-c3c(-c4ccc(F)cc4)nc4sccn34)cc2n1CC1CC1,5.900
283,CHEMBL1982924,COc1cccc(C(=O)Nc2cnc3[nH]cc(-c4ccccc4)c3c2)c1,5.700
284,CHEMBL1982957,NC(=O)c1cccc(-c2cnc3[nH]cc(-c4ccccc4)c3c2)c1,6.400
285,CHEMBL1982992,Oc1cccc(Nc2ncnc3scc(Cl)c23)c1,6.800
286,CHEMBL1983006,COc1cc(C(=O)[O-])c(Cl)cc1NC(=O)Nc1cnc(C#N)cn1,5.700
287,CHEMBL1983025,CCC([NH3+])(C#Cc1cnc(N)c2c(-c3ccc(NC(=O)Nc4cccc(C)c4)cc3)csc12)CC,5.700
288,CHEMBL1983111,CC(=O)NCC(=O)N1C2CCC1c1cc(Nc3ncc(C(F)(F)F)c(NC4CCC4)n3)ccc12,5.700
289,CHEMBL1983449,Cc1ccc(CNc2c(Nc3ccncc3)c(=O)c2=O)cc1C,5.700
290,CHEMBL1983534,c1ccc(CNc2nc3ccc(-c4ccncc4)cc3s2)cc1,5.700
291,CHEMBL1983923,Cc1cc(Nc2cc(N3CC[NH+](C)CC3)nc(C=Cc3ccccc3)n2)n[nH]1,5.700
292,CHEMBL1983932,COc1ccc2c(NC(=O)Nc3cccc(Br)n3)ccnc2c1,5.700
293,CHEMBL1983945,[NH3+]C(Cc1c[nH]c2ccccc12)C(=O)Nc1cncc(C=Cc2ccncc2)c1,5.700
294,CHEMBL1983963,Cc1cccc(NC(=O)Nc2ccc(-c3coc4ncnc(N)c34)cc2)c1,5.700
295,CHEMBL1984038,COc1cc(-c2ccc3c(c2)NC(=O)c2ccc(-c4ccccc4NS(C)(=O)=O)cc2N3)cc(OC)c1OC,5.700
296,CHEMBL1984162,COCCOC1CCC(n2nc(-c3ccc(Nc4nc5cc(C)cc(C)c5o4)cc3)c3c(N)ncnc32)CC1,6.700
297,CHEMBL1984191,Clc1ccc(-c2n[nH]cc2-c2ccncn2)cc1Cl,7.300
298,CHEMBL1984206,CCOc1nc(C(=O)NCc2ccncc2)cc(N)c1C#N,5.700
299,CHEMBL1984363,Cc1cc(NC(=O)Cc2ccc(-c3cccc4[nH]nc(N)c34)cc2)ccc1F,5.700
300,CHEMBL1984367,CN(C)c1ccc(CNC(=O)c2cc3c(-c4ccccc4)n[nH]c3s2)cc1,5.700
301,CHEMBL1984432,Cc1ccc(Cn2cc(-c3ccc4[nH]ncc4c3)nn2)c(C)c1,5.700
302,CHEMBL1984586,Cc1ccccc1NC(=O)Nc1ccc(-c2coc3ncnc(N)c23)cc1,5.700
303,CHEMBL1984633,COc1cccc(C(C)NC(=O)c2cnc(-c3ccncc3)s2)c1,5.700
304,CHEMBL1984711,COc1cc(Nc2nccc(Nc3cc(C4CCCCC4)no3)n2)cc(OC)c1OC,6.400
305,CHEMBL1984842,CC(C)COc1nccn2c(-c3ccnc(NCC(C)(C)CO)n3)c(-c3ccc(F)cc3)nc12,5.700
306,CHEMBL1985074,CSc1ccc2nc3c(c(Cl)c2c1)CCNC3=O,5.700
307,CHEMBL1985092,Oc1ccc(-c2n[nH]c(Nc3cccc(Cl)c3)c2-c2ccc(O)cc2)cc1,5.900
308,CHEMBL1985095,NC(=O)Cn1cc(-c2cc(-c3cc4ccccc4s3)c3[nH]ncc3c2)c2nc(N)ncc21,5.700
309,CHEMBL1985311,Nc1n[nH]c2cccc(-c3ccc(NC(=O)Nc4cc(CO)ccc4F)cc3)c12,5.700
310,CHEMBL1985406,CCCC(=O)Nc1n[nH]c2ccc(-c3cccc(F)c3F)cc12,5.700
311,CHEMBL1985566,COc1cc(-c2ccc3c(c2)Nc2ccc(CCOc4ccc(N5CCOCC5)cc4)cc2NC3=O)ccc1CC#N,5.700
312,CHEMBL1985580,[NH3+]C(Cc1cccc2ccccc12)C(=O)Nc1cncc(C=Cc2ccncc2)c1,5.700
313,CHEMBL1986139,Clc1csc2ncnc(Nc3ccccc3)c12,6.500
314,CHEMBL1986186,CC(Nc1c(Nc2ccncc2)c(=O)c1=O)C(C)(C)C,5.700
315,CHEMBL1986263,CCn1c(C)c(-c2ccnc(Nc3cccc(OC)c3)n2)sc1=O,5.700
316,CHEMBL1986328,CN(C)C(=O)Nc1ccc2nc(-c3ccco3)c(-c3ccco3)nc2c1,5.700
317,CHEMBL1986499,Nc1n[nH]c2ccc(-c3nnn(Cc4ccccc4)c3-c3ccc(F)cc3)cc12,5.700
318,CHEMBL1986530,O=C(c1cc(Cc2n[nH]c(=O)c3c2CCCC3)ccc1F)N1CCN(c2ncccn2)CC1,5.700
319,CHEMBL1986597,NC(=O)c1cccc2[nH]c(-c3ccc(NC(=O)c4cccc(S(=O)(=O)N5CCOCC5)c4)cc3)nc12,5.700
320,CHEMBL1986603,Cc1cc(NC(=O)CCNC(=O)Nc2nc(C)c(-c3ccc(-n4cccn4)cc3)s2)no1,5.700
321,CHEMBL1986869,Cc1csc(NC(=O)c2sc3nc(-c4ccncc4)ccc3c2N)n1,5.700
322,CHEMBL1986943,OC1CCC(Nc2nc(Cl)cc(-c3c[nH]c4ncccc34)n2)CC1,6.100
323,CHEMBL1986970,COCCN(C)C(=O)c1c(-c2ccc3[nH]ncc3c2)nnn1Cc1ccccc1,5.700
324,CHEMBL1987007,C[NH+]1CCC(NC(=O)c2cc3c(-c4ccccc4)n[nH]c3s2)CC1,5.700
325,CHEMBL1987009,COc1cccc(CNC(=O)c2cc3c(-c4ccccc4)n[nH]c3s2)c1,5.700
326,CHEMBL1987054,COCCOC1CCC(n2nc(-c3ccc(Nc4nc5cc(C)cc(Cl)c5o4)cc3)c3c(N)ncnc32)CC1,6.300
327,CHEMBL1987359,CCCCNc1ccc2c3c(cccc13)C(=O)N(CC[NH2+]CCO)C2=O,5.700
328,CHEMBL1987648,Cc1nccn2c(-c3ccnc(NCC(C)(C)CO)n3)c(-c3ccc(F)cc3)nc12,5.700
329,CHEMBL1987679,[NH3+]C(COc1cncc(-c2ccc3[nH]c(=O)oc3c2)c1)Cc1c[nH]c2ccccc12,5.700
330,CHEMBL1987756,O=S(=O)(NCC[NH2+]CC=Cc1ccc(Br)cc1)c1cccc2cnccc12,5.700
331,CHEMBL1987910,Nc1nccc2scc(-c3ccc(NC(=O)Nc4ccccc4C(F)(F)F)cc3)c12,5.700
332,CHEMBL1988075,Cc1ccc(-c2cnc(N)c3c(-c4ccc(NC(=O)Nc5cccc(F)c5)cc4)csc23)cn1,5.700
333,CHEMBL1988153,Cc1nnc(-c2cc3c(Oc4ccc(C(F)(F)F)cc4)cncc3s2)o1,5.700
334,CHEMBL1988163,NS(=O)(=O)c1cccc(Nc2ncc3ccn(-c4ccccc4)c3n2)c1,6.400
335,CHEMBL1988173,Cc1cc(Cl)ccc1NC(=S)NNC(=O)C(O)(c1ccccc1)c1ccccc1,5.700
336,CHEMBL1988300,Nc1ccc(-c2csc3c(C=Cc4nc5ccccc5[nH]4)cnc(N)c23)cc1,5.700
337,CHEMBL1988370,Nc1ncnc2c1c(-c1cccc(OCc3ccccc3)c1)cn2C1CC(C[NH+]2CCCC2)C1,5.700
338,CHEMBL1988387,Cn1cc(-c2cnc(N)c3c(-c4ccc(NC(=O)Nc5ccc(OC(F)F)cc5)cc4)csc23)cn1,5.900
339,CHEMBL1988437,CNC(=O)c1ccccc1Sc1ccc2c(C=Cc3ccccn3)n[nH]c2c1,5.700
340,CHEMBL1988537,COc1ccc(C(=O)N2c3ccccc3Sc3c(Cl)cncc32)cc1,5.700
341,CHEMBL1988594,Nc1ncnc2scc(C(=O)Nc3ccc(NC(=O)Nc4ccccc4)cc3)c12,5.700
342,CHEMBL1988608,CC(=O)Nc1cccc(CNc2c(Nc3ccc4[nH]ncc4c3)c(=O)c2=O)c1,5.700
343,CHEMBL1988717,Cn1cc(-c2cnn3c(N)c(-c4ccc(NC(=O)Nc5cccc(C(F)(F)F)c5)cc4)cnc23)cn1,5.700
344,CHEMBL1988838,Cc1cnc(Nc2cccc(S(N)(=O)=O)c2)nc1Nc1ccc(OCC(N)=O)cc1,6.400
345,CHEMBL1989029,CC(C)OC1=NNC(=O)C1=Cc1c[nH]c2ccccc12,5.700
346,CHEMBL1989423,c1ccc2c(c1)Cc1c[nH]nc1-2,4.700
347,CHEMBL1989474,Cn1cc(-c2ccncn2)c(-c2ccc(F)cc2)n1,6.900
348,CHEMBL1989518,[NH3+]CCOc1cncc(C=Cc2ccncc2)c1,5.700
349,CHEMBL1989646,Cc1c(-c2ccc3[nH]nc(N)c3c2)nnn1Cc1ccccc1,5.700
350,CHEMBL1989805,N#CC1=C(N)n2c(sc(=Cc3ccco3)c2=O)=C(C(N)=O)C1c1ccco1,5.700
351,CHEMBL1989834,O=c1[nH][nH]c2cccc(-c3ccccc3)c12,4.700
352,CHEMBL1989856,Cc1c(C=O)c(O)n2c(nc3ccccc32)c1C#N,5.700
353,CHEMBL1990346,Nc1n[nH]c2cccc(-c3ccc(Br)cc3)c12,5.700
354,CHEMBL1990482,NC(=O)c1cccc2[nH]c(-c3ccncc3)nc12,5.700
355,CHEMBL1990496,Cn1c(NCC([NH3+])Cc2ccccc2)nc(-c2ccncc2)c(-c2ccc3ccccc3c2)c1=O,6.200
356,CHEMBL1990583,Nc1ncnn2ccc(C(=O)Nc3ccc(NC(=O)Nc4cccc(F)c4)cc3)c12,6.400
357,CHEMBL1990884,Cc1cc(C)c2oc(Nc3ccc(-c4cccc(C(N)=O)c4N)cc3F)nc2c1,5.700
358,CHEMBL1990885,CC[NH+](CC)CCNC(=O)c1c(C)[nH]c(C=C2C(=O)Nc3ccc(F)cc32)c1C,5.700
359,CHEMBL1990912,OCCNc1cc2cc(-c3cccnc3)ccc2cn1,5.700
360,CHEMBL1991078,COc1ccc(C(=O)Nc2n[nH]c3ccc(-c4cn(Cc5ccccc5)nn4)cc23)cc1OC,5.700
361,CHEMBL1991138,Nc1nccn2c(C3CC(C[NH+]4CCCC4)C3)nc(-c3cccc(OCc4ccccc4)c3)c12,5.700
362,CHEMBL1991180,COCc1nnn(-c2nonc2N)c1C(=O)NN=C(C)c1ccc(O)cc1O,5.700
363,CHEMBL1991188,COc1cccc(C(C)NC(=O)c2ccc(-c3ccncc3F)cc2OC)c1,5.700
364,CHEMBL1991285,Cc1cc(OCC2CCC(C(=O)[O-])C2)c(NC(=O)Nc2cnc(C#N)cn2)cc1Cl,5.700
365,CHEMBL1991356,COc1cccc(-c2cc3c(=O)[nH]c4ccccc4n3c2)c1,5.700
366,CHEMBL1991395,CC(C)(CO)CNc1nccc(-c2c(-c3ccc(F)cc3)nc3cnccn23)n1,5.700
367,CHEMBL1991429,O=C(Cc1ccccc1)Nc1cccc(-c2nc3sccn3c2-c2ccnc(Nc3cccc(N4CCCC4=O)c3)n2)c1,7.800
368,CHEMBL1991434,COc1ccc(C=C2C(=O)ON=C2c2ccc(Br)cc2)cc1OC,5.700
369,CHEMBL1991640,O=c1[nH]sc2c1c(=O)c1cc(F)c(NCc3ccccc3)c(F)c1n2C1CC1,5.700
370,CHEMBL1991674,OC1CCC(Nc2cc(Cl)nc(-c3c[nH]c4ncccc34)n2)CC1,6.200
371,CHEMBL1991678,Cc1nccn2c(-c3ccnc(NCC(C)(C)CO)n3)c(-c3ccc(F)cc3F)nc12,5.800
372,CHEMBL1991725,C[NH+](C)CC(=O)NC(COc1cncc(-c2ccc3cnccc3c2)c1)Cc1c[nH]c2ccccc12,5.700
374,CHEMBL1991800,CC(C)(CO)CNc1nccc(-c2c(-c3ccc(F)cc3)nc3c(CC4CC4)nccn23)n1,5.700
375,CHEMBL1991846,[NH3+]C(COc1cncc(C=Cc2ccncc2)c1)Cc1ccccc1,5.700
376,CHEMBL1992242,Cc1cc(C)cc(NC(=O)Nc2ccc(-c3cccc4sncc34)cc2)c1,5.700
377,CHEMBL1992306,CNC(=O)c1cc(Oc2ccc(NC(=O)Nc3cccc(C(F)(F)F)c3)cc2)ccn1,5.700
378,CHEMBL1992323,O=c1[nH]cnc2c1oc1ccc(Cl)cc12,5.700
379,CHEMBL1992342,CCCS(=O)(=O)Nc1ccc(-c2ccc3[nH]nc(N)c3c2)cc1,5.700
380,CHEMBL1992536,COc1ccc(CNc2c(Nc3ccc4[nH]ncc4c3)c(=O)c2=O)cc1,5.700
381,CHEMBL1992634,Brc1cnc2[nH]cc(-c3ccccc3)c2c1,5.700
382,CHEMBL1992732,CCOc1ccccc1C=NNC(=O)c1nnn(-c2nonc2N)c1N1CCCC1,5.700
383,CHEMBL1992740,CC[NH+]1CC[NH+](CCCC(=O)Nc2n[nH]c3nnc(-c4cccc(F)c4F)cc23)CC1,5.700
384,CHEMBL1992796,O=c1[nH]c2ccc(Cl)cc2c(-c2ccccc2)c1C1=NNC(c2ccccc2)C1,5.800
385,CHEMBL1992922,OCC(CO)Nc1ncnc2[nH]cc(-c3ccccc3)c12,5.700
386,CHEMBL1992937,Cc1ccc(Nc2nc3ccc([N+](=O)[O-])cc3[nH]2)nc1,5.700
387,CHEMBL1993243,CNC(=O)C=Cc1cnc(N)c2c(-c3ccc4c(c3)OCO4)csc12,5.700
388,CHEMBL1993424,NS(=O)(=O)c1cccc(Nc2ncc3ccn(Cc4ccccc4)c3n2)c1,5.900
389,CHEMBL1993584,OC(COc1cncc(C=Cc2ccncc2)c1)Cc1c[nH]c2ccccc12,5.700
390,CHEMBL1993661,CNS(=O)(=O)c1ccccc1Nc1nc(Nc2cc(OC)c(OC)c(OC)c2)ncc1Cl,7.100
391,CHEMBL1993722,Nc1n[nH]c2cccc(-c3ccc(NC(=O)Nc4cc(C(=O)[O-])ccc4F)cc3)c12,5.700
392,CHEMBL1993781,[NH3+]C(COCc1ccccc1)COc1cncc(C=Cc2ccncc2)c1,5.700
393,CHEMBL1994074,Brc1ccc2[nH]nc(-c3ccccc3)c2c1,5.700
394,CHEMBL1994241,COc1cc(C=C(C#N)c2nc3ccccc3[nH]2)c(Br)cc1O,5.700
395,CHEMBL1994321,Cc1cccc(NC(=O)Nc2ccc(-c3csc4c(C#CCNS(C)(=O)=O)cnc(N)c34)cc2)c1,5.700
396,CHEMBL1994361,Nc1ccc(-c2cncc(OCC([NH3+])Cc3c[nH]c4ccccc34)c2)cc1C(=O)c1ccccc1F,5.700
397,CHEMBL1994526,CC([NH3+])C1CCC(C(=O)Nc2ccncc2)CC1,5.700
398,CHEMBL1994538,O=C(Nc1cnccn1)Nc1ccnc2c(C(F)(F)F)cccc12,5.700
399,CHEMBL1994693,Nc1ncnc2sc3c(c12)-c1ccc(NC(=O)Nc2ccccc2)cc1CC3,6.300
400,CHEMBL1994830,Nc1nnc(-c2cc3c(Oc4ccc(Cl)cc4)cncc3s2)o1,5.700
401,CHEMBL1994864,Cc1ccc(CNc2c(Nc3ccncc3)c(=O)c2=O)cc1,5.700
402,CHEMBL1994938,Nc1ncc(C=CC(=O)NCCCn2ccnc2)c2scc(-c3ccc(Br)cc3)c12,6.700
403,CHEMBL1995172,Brc1ccc2c(c1)-c1[nH]ncc1C2,5.000
404,CHEMBL1995592,Cc1cc(O)ccc1-n1c2cc(Cl)ccc2c(=O)c2c(N)nc(N)nc21,6.500
405,CHEMBL1995740,COc1cc(-c2ccc3c(c2)Nc2ccc([N+](=O)[O-])cc2NC3=O)ccc1O,5.700
406,CHEMBL1995813,[NH3+]C1CCCCC1Nc1nccc(-c2c[nH]c3ncccc23)n1,5.700
407,CHEMBL1996066,N#Cc1ccc2nc(N)n(-c3nc(-c4ccccc4)cs3)c2c1,6.600
408,CHEMBL1996111,CN(C)C(=O)c1c(-c2ccc3[nH]ncc3c2)nnn1Cc1ccccc1,5.700
409,CHEMBL1996234,CC1(O)CC(c2nc(-c3ccc4ccc(-c5ccccc5)nc4c3)c3c(N)nccn23)C1,5.700
410,CHEMBL1996390,O=C([O-])c1cc2c(-c3ccccc3)cncc2s1,5.700
411,CHEMBL1996500,Cc1nccn2c(-c3ccnc(NCC(C)(C)O)n3)c(-c3ccc(F)cc3F)nc12,5.700
412,CHEMBL1996587,CC(C)(CO)c1nnc2ccc(-c3c(-c4ccc(F)cc4F)nc4n3CCC4)nn12,5.800
413,CHEMBL1996780,CCOC(=O)c1cn(-c2ccc(O)cc2C)c2cc(-c3ccncc3)ccc2c1=O,5.700
414,CHEMBL1996791,Nc1ncnc2c1c(I)nn2C1CCC(O)CC1,5.700
415,CHEMBL1996817,CCCCOc1ncnc2[nH]cc(-c3ccccc3)c12,5.700
416,CHEMBL1996831,O=C([O-])c1c2c(nc3ccccc13)C(=C1CCCC1)CC2,5.700
417,CHEMBL1996837,Cc1nn(C)c2sc(C(N)=O)c(N)c12,4.700
418,CHEMBL1996931,O=C(NC(CO)Cc1ccc(Cl)cc1)c1ccc(-c2ccncc2)cc1,5.700
419,CHEMBL1996979,O=C(Nc1cnc2[nH]cc(-c3ccccc3)c2c1)c1c(F)cccc1F,6.600
420,CHEMBL1997023,CN(C)c1cc2sncc2cc1NC(=O)C(=O)[O-],5.700
421,CHEMBL1997129,O=C1NCCc2[nH]c(-c3ccnc(C=Cc4ccccc4)c3)cc21,6.400
422,CHEMBL1997340,O=C(c1cc(-c2ccc3[nH]ncc3c2)on1)N1CCCC(O)C1,5.700
423,CHEMBL1997534,COc1cccc(C(C)NC(=O)c2cc(C)c(-c3ccc4[nH]nc(C)c4c3)s2)c1,5.700
424,CHEMBL1997597,CCS(=O)(=O)Nc1ccc(-c2ccc3[nH]nc(N)c3c2)cc1,5.700
425,CHEMBL1997617,C[NH+]1CC[NH+](C2CCC(n3cc(-c4ccc(Oc5ccccc5)cc4)c4c(N)ncnc43)CC2)CC1,7.500
426,CHEMBL1997623,Nc1n[nH]c2cc(-c3ccc(NC(=O)Nc4cccc(C(F)(F)F)c4)cc3)ccc12,6.600
427,CHEMBL1997764,COc1ccc(C(=O)Nc2cnc3[nH]cc(-c4ccccc4)c3c2)cc1,6.000
428,CHEMBL1997822,Cc1cc2cc(-c3csc4c(-c5cccc(S(C)(=O)=O)c5)cnc(N)c34)ccc2[nH]1,6.500
429,CHEMBL1997846,Clc1cc(NC2CCCCC2)nc(-c2c[nH]c3ncccc23)n1,6.100
430,CHEMBL1997872,O=C(c1cccc(-c2cnc3[nH]ccc3c2)c1)N1CCOCC1,5.700
431,CHEMBL1998112,COc1ccc(-c2cc3nccn3c(Nc3ccccc3C(N)=O)n2)cc1OC,5.700
432,CHEMBL1998121,[NH3+]CCC(C(=O)Nc1ccc2[nH]ncc2c1)c1ccc(Cl)c(Cl)c1,5.700
433,CHEMBL1998159,Cc1n[nH]c2cnc(-c3cncc(OCC([NH3+])Cc4cccc(C(F)(F)F)c4)c3)cc12,5.700
434,CHEMBL1998193,O=C(NCCCCCCNC(=O)Nc1cccnc1)Nc1cccnc1,5.700
435,CHEMBL1998545,O=C(NC(CO)Cc1ccccc1)c1ccc(-c2ccncc2)cc1,5.700
436,CHEMBL1998551,CC(C)(O)c1nnc2ccc(-c3c(-c4ccc(F)cc4F)nc4n3CCC4)nn12,5.800
437,CHEMBL1998585,Nc1ncnc2scc(-c3ccc(NC(=O)Nc4cc(C(F)(F)F)ccc4F)cc3)c12,5.700
438,CHEMBL1998611,NC(=O)c1sc2c(Br)ccc(Cl)c2c1N,5.700
439,CHEMBL1998829,O=C(Nc1cnc2[nH]cc(-c3ccccc3)c2c1)c1ccc(Cl)cc1,5.700
440,CHEMBL1999112,CCOC(=O)C1=c2sc(=Cc3ccco3)c(=O)n2C(N)=C(C#N)C1c1ccco1,5.700
441,CHEMBL1999321,O=c1c(NCCc2ccc(Oc3ccccc3)cc2)c(Nc2ccncc2)c1=O,5.700
442,CHEMBL1999496,Cc1cccc(C2(c3cccc(C)c3)CC2C(=O)Nc2ccncc2)c1,6.500
443,CHEMBL1999556,NC(=O)c1cc2c(-c3ccccc3)cncc2s1,5.700
444,CHEMBL1999590,Cc1cc(-c2ccccc2)n(-c2cc(NN=Cc3ccco3)ncn2)n1,7.700
445,CHEMBL1999714,Cc1ccc2c(c1)NC(=O)c1ccccc1N2,5.700
446,CHEMBL1999718,N#Cc1ccc(NC(=O)Nc2ccnc3cc(C(F)(F)F)ccc23)nc1,5.700
447,CHEMBL1999749,COc1cc(Nc2ncnc3ccc(-c4ccc(C[NH+]5CC6C(CO)C6C5)cc4)cc23)ccc1Oc1ccccc1,8.200
448,CHEMBL1999774,Cc1c(Cl)c(N2CCC(C[NH3+])C2)nc2[nH]cc(C(=O)[O-])c(=O)c12,5.700
449,CHEMBL1999811,O=C(NN=Cc1ccc(O)cc1O)Nc1cccc2nsnc12,5.700
450,CHEMBL1999918,NC(=O)c1cc2c(-c3ccc(Br)c(F)c3F)cncc2s1,5.700
451,CHEMBL1999931,O=C(Nc1n[nH]c2ccc(-c3cn(Cc4ccccc4)nn3)cc12)c1ccccc1,5.700
452,CHEMBL2000071,OCCCNc1ncnc2[nH]cc(-c3ccccc3)c12,5.700
453,CHEMBL2000104,CCS(=O)(=O)c1ccc(-c2cncc3sc(C(N)=O)cc23)cc1,5.700
454,CHEMBL2000114,CSc1c[nH]c2ncnc(NCCCO)c12,5.700
455,CHEMBL2000271,Cc1n[nH]c2ccc(-c3cncc(OCC(C[NH3+])Cc4ccccc4)c3)cc12,5.700
456,CHEMBL2000335,Cc1ccc(NC(=O)Nc2ccc(-c3csc4ncnc(N)c34)cc2)cc1C,5.700
457,CHEMBL2000345,COc1cc(C=C(C#N)c2nc3cc(C)ccc3[nH]2)c(Br)cc1O,5.700
458,CHEMBL2000354,COc1ccc(C=C2SC(=[NH+]c3ccccc3)NC2=O)cc1O,5.700
459,CHEMBL2000481,[NH3+]CCNS(=O)(=O)c1cccc(C(=O)Nc2ccc(-c3n[nH]c(=O)c4ccccc34)cc2)c1,5.700
460,CHEMBL2000568,CC(=O)c1cccc(-c2cnc3[nH]ccc3c2)c1,5.700
462,CHEMBL2000801,O=C(Nc1ccc(-c2cccc3sncc23)cc1)Nc1ccc(F)c(C(F)(F)F)c1,5.700
463,CHEMBL2000832,COc1cc(-c2ccc3c(c2)Nc2ccc(C(=O)NCc4cccc(F)c4)cc2NC3=O)ccc1O,6.300
464,CHEMBL2001224,Cc1cc(OC2CCCC2)c(NC(=O)Nc2cnc(C#N)cn2)cc1Cl,5.700
465,CHEMBL2001239,Nc1ncnc(Nc2cc(CNC(=O)C(F)(F)F)c(O)c(-c3ccc(Cl)cc3)c2)n1,6.600
466,CHEMBL2001257,CC[NH+](CC)CC#Cc1cnc(N)c2c(-c3ccc(NC(=O)Nc4cccc(C)c4)cc3)csc12,5.700
467,CHEMBL2001288,Nc1ncnc2c1c(I)nn2C1OC(CO)C(O)C1O,5.700
468,CHEMBL2001485,Cc1ccc(NC(=O)Nc2ccc(-c3csc4c(-c5cnn(C(C)C(=O)N(C)C)c5)cnc(N)c34)cc2)cc1,5.700
469,CHEMBL2001539,c1cc2c(s1)CCc1cn[nH]c1-2,4.700
470,CHEMBL2001751,[NH3+]C(COc1cncc(-c2ccc3c(c2)C(=Cc2ccco2)C(=O)N3)c1)Cc1c[nH]c2ccccc12,6.600
471,CHEMBL2001920,O=C1NC(=S)SC1=C1C(=O)Nc2ccc(Br)cc21,5.800
472,CHEMBL2001923,O=C1Nc2cc(CCOc3ccc(N4CCOCC4)cc3)ccc2Nc2cc(-c3cn(Cc4cc(F)c(F)c(F)c4)c4cnccc34)ccc21,5.700
473,CHEMBL2001998,CNC(=O)N1CC[NH+](CCCOc2ccc3c(c2)-c2[nH]nc(-c4ccc(C#N)nc4)c2C3)CC1,5.700
474,CHEMBL2002322,NC(=O)c1cc2c(-c3cc(C(F)(F)F)cc(C(F)(F)F)c3)cncc2s1,5.700
475,CHEMBL2002323,Cc1ccc(F)c(-c2ccc3nnc(N)n3c2)c1,5.700
476,CHEMBL2002346,c1ccc(CNc2cc(-c3c[nH]c4ncccc34)ncn2)cc1,6.200
477,CHEMBL2002373,OCCCn1cnc(-c2ccccc2)c1-c1ccncc1,5.700
478,CHEMBL2002407,COc1cc(C=C(C#N)c2n[nH]c(N)c2C#N)ccc1O,5.700
479,CHEMBL2002446,C[NH+]1CC[NH+](Cc2ccc3c(c2)Cc2c(-c4csc(C#CCOCC5CC5)c4)n[nH]c2-3)CC1,5.700
480,CHEMBL2002479,[NH3+]CCCOc1cc2c(c(-c3ccc(Nc4nc5ccc(Cl)cc5o4)cc3)c1)CNC2=O,5.700
481,CHEMBL2002649,COc1ccc2c(c1)C(=Cc1c[nH]cn1)C(=O)N2,5.700
482,CHEMBL2002702,Cc1cc(C)c(C=C2C(=O)Nc3ccccc32)[nH]1,5.700
483,CHEMBL2002726,Cc1n[nH]c2ccc(-c3cncc(OCC([NH3+])Cc4ccccc4)c3)cc12,5.700
484,CHEMBL2002992,CC([NH3+])C1CCC(C(=O)Nc2ccnc3[nH]ccc23)CC1,5.700
485,CHEMBL2003271,NC(=O)c1sc2ccc(Cl)c(Cl)c2c1NC(=O)c1ccc(Cl)cc1,5.700
486,CHEMBL2003286,COc1cc(C=C2SC(=O)NC2=O)ccc1O,5.700
487,CHEMBL2003420,O=C(NCCCCCCNC(=O)NCc1cccnc1)NCc1cccnc1,5.700
488,CHEMBL2003456,O=c1[nH]c2cc(-c3ccccc3)cnc2[nH]1,5.700
489,CHEMBL2003482,O=C(Cc1ccc(Cl)cc1)Nc1[nH]nc2c1CCC2,5.700
490,CHEMBL2003524,CCc1nc2c(c3cc(OC)c(OC)cc13)C(=O)NC2=O,5.700
491,CHEMBL2003638,O=C(Nc1n[nH]c2ccc(-c3cn(Cc4ccccc4)nn3)cc12)c1cccc(F)c1,5.700
492,CHEMBL2003657,CC(C)S(=O)(=O)n1c(N)nc2ccc(-c3c(-c4ccc(F)cc4)nc4sccn34)cc21,7.200
493,CHEMBL2003817,O=C(Nc1cnccn1)Nc1ccnc2cc(C(F)(F)F)ccc12,5.700
494,CHEMBL2004311,Cc1cc(C)cc(NC(=O)Nc2ccc(-c3cccc4c3CNC4=O)c(C)c2)c1,5.700
495,CHEMBL2004355,CCOc1nc(C(=O)NCc2ccc(S(N)(=O)=O)cc2)cc(N)c1C#N,5.700
496,CHEMBL2004419,CC(C)Cn1c(N)nc2c(F)cc(-c3c(-c4ccc(F)cc4)nc4sccn34)cc21,7.200
497,CHEMBL2004438,Nc1c(-c2ccc(NC(=O)Nc3cccc(C(F)(F)F)c3)cc2)ccc2nccnc12,5.700
498,CHEMBL2004447,CC(C)(C)c1n[nH]c2c1C(c1ccccc1F)C(C#N)=C(N)O2,5.700
499,CHEMBL2004716,CC[NH+](CC)CCNC(=O)C=Cc1cnc(N)c2c(-c3ccc(NC(=O)Nc4cccc(C)c4)cc3)csc12,5.700
500,CHEMBL2004771,O=C1NCc2c1cccc2-c1ccc(Nc2nc3ccccc3o2)cc1,5.700
501,CHEMBL2004871,OCCCn1cnc(-c2ccc(F)cc2)c1-c1ccncc1,5.700
502,CHEMBL2004872,COc1cccc(C(C)NC(=O)c2ccc(-c3ccncn3)cc2)c1,5.700
503,CHEMBL2004892,CS(=O)(=O)Nc1ccc(-c2ccc3[nH]nc(N)c3c2)cc1,5.700
504,CHEMBL2004934,COc1cccc(C(C)NC(=O)c2ccc(-c3ccncc3)c(F)c2)c1,5.700
505,CHEMBL2005186,CC(C)NC(=O)COc1cccc(-c2nc(Nc3ccc4[nH]ncc4c3)c3ccccc3n2)c1,5.700
506,CHEMBL2005375,CCC1C(=O)N(C)c2cnc(Nc3ccc(C(=O)NC4CCCCC4)cc3OC)nc2N1C1CCCC1,5.700
507,CHEMBL2005475,O=C(NCC1CCCCC1)c1cc2c(-c3ccccc3)n[nH]c2s1,5.700
508,CHEMBL2005528,CCOC(=O)c1ccc2[nH]c3c(c2c1)CCNC3=O,5.700
509,CHEMBL2005548,CC(C)(C)OC(=O)n1ncc2cc(Nc3c(NCc4ccc(Cl)cc4Cl)c(=O)c3=O)ccc21,5.700
510,CHEMBL2005631,CNC(=O)c1cnc(N)c2c(-c3ccc(NC(=O)Nc4cc(C)ccc4F)cc3)csc12,5.800
511,CHEMBL2005792,COc1nccn2c(-c3ccnc(NCC(C)(C)CO)n3)c(-c3ccc(F)cc3)nc12,5.700
512,CHEMBL2005828,Cc1ccc(NC(=O)Nc2ccc(-c3coc4ncnc(N)c34)cc2)cc1,5.700
513,CHEMBL2005886,Cc1cc(N2CCOCC2)cc2[nH]c(-c3c(NCC(O)c4cccc(Cl)c4)cc[nH]c3=O)nc12,7.100
514,CHEMBL2005899,CC(=O)N(c1ccncc1)c1c(NC(C)C(C)(C)C)c(=O)c1=O,5.700
515,CHEMBL2006188,COc1cccc(C(C)NC(=O)c2ccc(-c3ccncc3)cc2NCCC[NH3+])c1,5.700
516,CHEMBL2006237,C[NH+]1CC[NH+](CCCNc2cccc(-c3nc4c(C(N)=O)cccc4[nH]3)n2)CC1,5.700
517,CHEMBL2006263,Cc1nc2ccc(NS(=O)(=O)c3ccc(N)cc3)cc2nc1C,5.700
518,CHEMBL2006276,COc1cccc2c1Nc1cc(Nc3ccncc3)ccc1C(=O)N2,6.600
519,CHEMBL2006439,Clc1cc(-c2c[nH]c3ncccc23)nc(NC2CCCCC2)n1,5.700
520,CHEMBL2006493,O=C1CCCc2oc3cc(C(F)(F)F)ccc3c(=O)c21,5.700
521,CHEMBL2006567,CC(=O)Nc1cc(N)c(C#N)c(-c2ccsc2)n1,5.700
522,CHEMBL2006580,Oc1ccc(Nc2ncnc3scc(Cl)c23)cc1,6.500
523,CHEMBL2006581,CCOc1nc(C(=O)NCc2ccccc2S(N)(=O)=O)cc(N)c1Cl,5.700
524,CHEMBL2006715,O=C(Nc1cccc(-c2nc3sccn3c2-c2ccnc(Nc3cccc(N4CCCC4=O)c3)n2)c1)c1c(F)cccc1F,8.700
525,CHEMBL2006778,CNC(=O)C=Cc1cnc(N)c2c(-c3cc(F)c4[nH]c(C)cc4c3)csc12,6.600
526,CHEMBL2006785,Cc1ccc(C(=O)Nc2c(C#N)sc3ccc(Cl)c(Cl)c23)cc1,5.700
527,CHEMBL2006933,CSc1cnc2c(ccc3cnccc32)c1O,5.700
528,CHEMBL2007002,COc1cc(-c2ccc3[nH]nc(C(=O)Nc4ccccc4)c3c2)ccc1O,5.700
529,CHEMBL2007044,CC[NH+](CC)CC#Cc1ccc2c(c1)-c1[nH]nc(-c3ccc(C#N)nc3)c1C2,5.700
530,CHEMBL2007064,Cc1[nH]c(C=C2C(=O)Nc3ccccc32)c(C)c1CCC(=O)[O-],5.700
531,CHEMBL2007151,Cc1c(-c2cccc(OCc3ccccc3)c2)c2c(N)ncnc2n1C1CCC([NH+]2CCCC2)CC1,5.700
532,CHEMBL2007296,CCCOc1cccc(C(C)NC(=O)c2ccc(-c3ccncc3)cc2)c1,5.700
533,CHEMBL2007592,O=c1[nH]c2sc3c(c2c2nc(-c4ccccc4)nn12)CCCC3,5.700
534,CHEMBL2029438,C=CC(=O)Nc1cccc(N2C(=O)N(Cc3ccccc3)Cc3cnc(Nc4ccc(N5CC[NH+](C)CC5)cc4OC)nc32)c1,9.207
535,CHEMBL2029443,CCC(=O)Nc1cccc(N2C(=O)N(C)Cc3cnc(Nc4ccc(N5CC[NH+](C)CC5)cc4OC)nc32)c1,5.986
536,CHEMBL2029988,COc1cc2ncnc(Oc3cccc(NC(=O)Nc4cc(C(C)(C)C(F)(F)F)on4)c3)c2cc1OC,7.658
537,CHEMBL2062938,O=C(Cc1ccccc1)Nc1cc(-c2nc3sccn3c2-c2ccnc(Nc3ccc(N4CCOCC4)cc3)n2)ccc1Cl,5.000
538,CHEMBL207400,Cn1nc(C(F)(F)F)c2c(=O)c3cc(Cl)ccc3n(O)c21,5.700
539,CHEMBL207995,COc1cc(C=O)c(Cl)cc1NC(=O)Nc1cnc(C#N)cn1,5.700
540,CHEMBL208637,CCOc1nc(NC(C)=O)cc(N)c1C#N,5.745
541,CHEMBL209534,CCOc1nc(C(=O)NCc2cccnc2)cc(N)c1C#N,5.700
542,CHEMBL210032,CC(=O)Nc1cc(N)c(C#N)c(-c2ccccc2)n1,5.745
543,CHEMBL210618,CCOc1nc(NC(=O)Cc2cc(OC)ccc2OC)cc(N)c1C#N,5.722
544,CHEMBL210887,O=C(Nc1nc2ccccc2n1CCCO)c1cccc([N+](=O)[O-])c1,5.700
545,CHEMBL210928,CCOc1nc(NC(=O)Cc2cc(OC)c(S(C)(=O)=O)cc2OC)cc(N)c1Cl,5.722
546,CHEMBL210963,CCOc1nc(NC(=O)Cc2cc(OC)c(S(C)(=O)=O)cc2OC)cc(N)c1C#N,5.722
547,CHEMBL211378,Cc1cccc(NC(=O)Nc2ccc(-c3noc4ncnc(N)c34)cc2)c1,5.700
548,CHEMBL213505,Nc1ncnc2onc(-c3ccc(NC(=O)Nc4cccc(C(F)(F)F)c4)cc3)c12,5.700
549,CHEMBL215152,CC[NH+](CCO)CCCOc1ccc2c(Nc3cc(CC(=O)Nc4cccc(F)c4)[nH]n3)ncnc2c1,5.811
550,CHEMBL2163772,Oc1ccc2oc3ncc(O)c(-c4ccccc4)c3c2c1,3.529
551,CHEMBL2170582,CNC(=O)COc1cccc(Nc2ncc(F)c(Nc3ccc4c(c3)NC(=O)C(F)(F)O4)n2)c1,7.456
552,CHEMBL2178352,C[NH+]1CCN(c2ccc(Nc3ncc4nc(Nc5ccccc5)n(C5CCCC5)c4n3)cc2)CC1,9.153
553,CHEMBL219722,Nc1n[nH]c2cccc(-c3ccc(NC(=O)Nc4ccccc4)cc3)c12,5.700
554,CHEMBL220057,Cc1cccc(NC(=O)Nc2ccc(-c3cccc4[nH]nc(N)c34)cc2)c1,5.700
555,CHEMBL220241,CCn1c(-c2nonc2N)nc2cnc(Oc3cccc(NC(=O)c4ccc(OCC[NH+]5CCOCC5)cc4)c3)cc21,5.700
556,CHEMBL2205426,CC(C)(C)Nc1c(Nc2ccnc(Nc3ccc(-c4ccncc4)cc3)n2)c(=O)c1=O,5.745
557,CHEMBL221959,C[C@@H]1CCN(C(=O)CC#N)C[C@@H]1N(C)c1ncnc2[nH]ccc12,5.000
558,CHEMBL223257,N#Cc1ncc2nc1OCCCCCOc1cc(OCC(O)CO)c(Cl)cc1NC(=O)N2,5.700
559,CHEMBL223360,Cc1ccc(F)c(NC(=O)Nc2ccc(-c3cccc4[nH]nc(N)c34)cc2)c1,5.047
560,CHEMBL223367,N#Cc1ncc2nc1OCCCCCOc1cc(CCCO)c(Cl)cc1NC(=O)N2,5.350
561,CHEMBL223460,CS(=O)(=O)Nc1cc2c(cc1Cl)NC(=O)Nc1cnc(C#N)c(n1)OCCCCCO2,5.350
562,CHEMBL225519,O=C1NCCc2[nH]c(-c3ccncc3)cc21,5.700
563,CHEMBL226403,O=C1NCCc2[nH]c(-c3ccnc(-c4cnc5ccccc5c4)c3)cc21,5.700
564,CHEMBL226471,O=C1NCCc2[nH]c(-c3ccnc(-c4ccccc4F)c3)cc21,6.200
565,CHEMBL230011,Nc1nc(N)c2nc(-c3cccc(O)c3)c(-c3cccc(O)c3)nc2n1,5.617
566,CHEMBL231209,Nc1nccc2scc(-c3ccc(NC(=O)Nc4cccc(F)c4)cc3)c12,5.700
567,CHEMBL234085,CC1CCN(C(=O)CC#N)CC1N(C)c1ncnc2[nH]ccc12,5.700
569,CHEMBL243088,O=C([O-])c1ccccc1Nc1ccnc(Nc2cccc(O)c2)n1,6.700
570,CHEMBL2437291,Cc1ccc(-c2csc(=N)n2CC(=O)N2CCN(c3ccccc3)CC2)cc1,5.527
571,CHEMBL2437292,N=c1scc(-c2ccc(Cl)cc2)n1CC(=O)N1CCN(c2ccccc2)CC1,5.235
572,CHEMBL2437293,N=c1scc(-c2ccccc2)n1CC(=O)N1CCN(c2ccccc2)CC1,5.330
573,CHEMBL2437294,CC(=O)N1CCN(C(=O)Cn2c(-c3ccc(C)cc3)csc2=N)CC1,5.215
574,CHEMBL2437295,CC(=O)N1CCN(C(=O)Cn2c(-c3ccc(Cl)cc3)csc2=N)CC1,5.067
575,CHEMBL2437296,Cc1ccc(-c2csc(=N)n2CC(=O)N2CC[NH+](C)CC2)cc1,4.562
576,CHEMBL2437297,CC(=O)N1CCN(C(=O)Cn2c(-c3ccccc3)csc2=N)CC1,4.775
577,CHEMBL2437298,C[NH+]1CCN(C(=O)Cn2c(-c3ccc(Cl)cc3)csc2=N)CC1,4.805
578,CHEMBL2437299,Cc1ccc(-c2csc(=N)n2CC(=O)N2CCOCC2)cc1,4.639
579,CHEMBL2437300,C[NH+]1CCN(C(=O)Cn2c(-c3ccccc3)csc2=N)CC1,4.381
580,CHEMBL2437301,N=c1scc(-c2ccccc2)n1CC(=O)N1CCOCC1,4.257
581,CHEMBL2437302,N=c1scc(-c2ccc(Cl)cc2)n1CC(=O)N1CCOCC1,5.178
582,CHEMBL244378,O=C([O-])c1ccccc1Nc1ccnc(Nc2ccc3cn[nH]c3c2)n1,6.400
583,CHEMBL245798,COc1cc2c(N[C@@H]3C[C@H]3c3ccccc3)c(C#N)cnc2cc1OC1CC[NH+](C)CC1,6.444
584,CHEMBL245799,N#Cc1cnc2ccc(-c3cccc(C[NH+]4CCOCC4)c3)cc2c1N[C@@H]1C[C@H]1c1ccccc1,6.469
585,CHEMBL245800,N#Cc1cnc2ccc(-c3ccc(C[NH3+])cc3)cc2c1N[C@@H]1C[C@H]1c1ccccc1,7.398
586,CHEMBL245996,COc1cc2ncc(C#N)c(N[C@@H]3C[C@H]3c3ccc(Oc4ccccc4)cc3)c2cc1OC,7.097
587,CHEMBL246419,COc1cc2ncc(C#N)c(N[C@@H]3C[C@H]3c3ccccc3F)c2cc1OC,7.444
588,CHEMBL246970,[NH3+]CC1CCC(CNc2nc(NCc3ccccc3Cl)ncc2[N+](=O)[O-])CC1,5.700
589,CHEMBL247024,N#Cc1cnc2ccc(-c3ccc(C[NH+]4CCOCC4)cc3)cc2c1N[C@@H]1C[C@H]1c1ccccc1,6.398
590,CHEMBL247196,COc1cc2ncc(C#N)c(N[C@@H]3C[C@H]3c3ccc(Cl)cc3)c2cc1OC,7.357
591,CHEMBL248044,COc1cc2ncc(C#N)c(N[C@@H]3C[C@H]3c3ccccc3)c2cc1OC,7.620
592,CHEMBL248045,COc1ccc2c(N[C@@H]3C[C@H]3c3ccccc3)c(C#N)cnc2c1,6.745
593,CHEMBL248220,COc1cc2ncc(C#N)c(N[C@@H]3C[C@H]3c3ccccc3)c2cc1OCc1ccccc1,6.921
594,CHEMBL248221,COc1cc2ncc(C#N)c(N[C@@H]3C[C@H]3c3ccccc3)c2cc1OCCC[NH+]1CCOCC1,7.284
595,CHEMBL248222,COc1cc2ncc(C#N)c(N[C@@H]3C[C@H]3c3ccccc3)c2cc1OCCCc1cccnc1,7.167
596,CHEMBL24828,COc1cc2c(Nc3ccc(Br)cc3F)ncnc2cc1OCC1CC[NH+](C)CC1,7.940
597,CHEMBL248391,COc1cc2c(N[C@@H]3C[C@H]3c3ccccc3)c(C#N)cnc2cc1OCCCc1cccnc1,6.658
598,CHEMBL248392,COc1cc2c(N[C@@H]3C[C@H]3c3ccccc3)c(C#N)cnc2cc1OCCC[NH+]1CCOCC1,8.076
599,CHEMBL248393,COc1cc2c(N[C@@H]3C[C@H]3c3ccccc3)c(C#N)cnc2cc1OCCC[NH+]1CC[NH+](C)CC1,8.523
600,CHEMBL248425,COc1cc2ncc(C#N)c(N[C@@H]3C[C@H]3c3cccc(Br)c3)c2cc1OC,7.284
601,CHEMBL248757,N#Cc1ncc2nc1OCCCCOc1cc(NCc3cncs3)c(Cl)cc1NC(=O)N2,5.722
602,CHEMBL249282,N#Cc1ccc(-c2n[nH]c3c2Cc2ccc(OCC[NH+]4CCOCC4)cc2-3)cn1,5.700
603,CHEMBL249697,Cc1ccc2nc(NCC[NH3+])c3ncc(C)n3c2c1,5.000
604,CHEMBL253969,NC(=O)c1c(OCc2c(F)cc(Br)cc2F)nsc1NC(=O)NCCCC[NH+]1CCCC1,5.800
605,CHEMBL255863,Cc1cn(-c2cc(NC(=O)c3ccc(C)c(Nc4nccc(-c5cccnc5)n4)c3)cc(C(F)(F)F)c2)cn1,5.000
606,CHEMBL256835,COc1nccc(-c2c(-c3ccc(F)cc3)ncn2C2CCC(O)CC2)n1,5.700
607,CHEMBL257411,C[C@@H](Oc1cccc2ncnc(Nc3ccc4c(cnn4Cc4nccs4)c3)c12)C(=O)N1CCOCC1,8.796
608,CHEMBL259084,O=C([O-])c1ccc(Nc2ncc3c(n2)-c2ccc(Cl)cc2C(c2c(F)cccc2F)=NC3)cc1,5.116
609,CHEMBL259850,COc1ccc(CNC(=O)Nc2ncc([N+](=O)[O-])s2)cc1,5.700
610,CHEMBL259922,Cc1ccc(C(=O)Nc2ccon2)cc1Nc1ncnc2c1cnn2-c1ccccc1,5.700
611,CHEMBL260092,Nc1ncnc2c1N=C(c1ccc(NC(=O)Nc3cccc(C(F)(F)F)c3)cc1)CCN2,5.700
612,CHEMBL260135,Nc1n[nH]c2nnc(-c3ccccc3)c(-c3ccccc3)c12,5.700
613,CHEMBL261849,COc1ccc(COc2ccc(Cc3cnc(N)nc3N)cc2OC)cc1,5.000
614,CHEMBL262433,Cc1ccc(F)c(NC(=O)Nc2ccc(-c3nsc4ncnc(N)c34)cc2)c1,5.700
615,CHEMBL268868,O=C1NC(=O)c2cc(Nc3ccccc3)c(Nc3ccccc3)cc21,6.796
616,CHEMBL271381,COc1ccc(-c2ccc(NC(=O)Nc3cccc(Br)c3)cc2)c2c(N)noc12,5.700
617,CHEMBL272453,COc1ccc(NC(=O)Nc2ccc(-c3cccc4onc(N)c34)cc2)cc1Cl,5.700
618,CHEMBL274064,Nc1nccc(-c2c(-c3ccc(F)cc3)ncn2C2CC[NH2+]CC2)n1,5.900
619,CHEMBL278041,Oc1ccc(-c2nc(-c3ccc(F)cc3)c(-c3ccncc3)[nH]2)cc1,5.818
620,CHEMBL288441,COc1cc(Nc2c(C#N)cnc3cc(OCCC[NH+]4CC[NH+](C)CC4)c(OC)cc23)c(Cl)cc1Cl,7.242
621,CHEMBL289959,c1ccc(Nc2ncnc3ccccc23)cc1,7.100
622,CHEMBL29197,COc1cc2ncnc(Nc3cccc(Br)c3)c2cc1OC,11.222
623,CHEMBL296407,N#C/C(=C\c1ccc(O)c(O)c1)C(N)=O,5.456
624,CHEMBL296468,CC(C)(C)c1cnc(CSc2cnc(NC(=O)C3CC[NH2+]CC3)s2)o1,5.000
625,CHEMBL296586,O=C1Cc2c([nH]c3ccc(Br)cc23)-c2ccccc2N1,5.700
626,CHEMBL300138,Cn1cc(C2=C(c3cn(C4CC[NH+](Cc5ccccn5)CC4)c4ccccc34)C(=O)NC2=O)c2ccccc21,5.000
627,CHEMBL302449,Cn1c2ccccc2c2c3c(c4c5ccccc5n(CCC#N)c4c21)CNC3=O,7.700
628,CHEMBL305695,N#CC(C#N)=Cc1ccc(O)cc1,3.796
629,CHEMBL306380,Cc1ccc(-c2nn(C(C)(C)C)c3ncnc(N)c23)cc1,6.700
630,CHEMBL307179,COc1cc(C=C(C#N)C#N)cc([N+](=O)[O-])c1O,4.260
631,CHEMBL307248,N#CC(C#N)=Cc1ccc(NC(=O)CCC(=O)[O-])cc1,3.620
632,CHEMBL307250,COc1cc(/C=C(\C#N)C(=O)[O-])ccc1O,3.097
633,CHEMBL308134,N#CC(C#N)=Cc1ccc(O)c([N+](=O)[O-])c1,4.310
634,CHEMBL3086102,C=CC(=O)N1CC[C@H](N2C(=O)N(c3ccccc3)Cc3cnc(Nc4ccc(N5CC[NH+](C)CC5)c(C)c4)nc32)C1,8.854
635,CHEMBL309598,N#CC(C#N)=C(O)c1cc(O)c(O)c(O)c1,5.347
636,CHEMBL310400,N#CC(C#N)=Cc1cccc(O)c1,3.910
637,CHEMBL310798,N#CC(C#N)=Cc1cc(O)c(O)c(O)c1,6.000
638,CHEMBL311119,N#CC(C#N)=Cc1ccc(C=O)cc1,4.699
639,CHEMBL31965,C=CC(=O)Nc1cc2c(Nc3ccc(F)c(Cl)c3)ncnc2cc1OCCC[NH+]1CCOCC1,9.657
640,CHEMBL326282,O=C1CC(c2ccc(Cl)cc2Cl)Cc2nc3cc(Cl)ccc3c(O)c21,5.700
641,CHEMBL3352835,COC1CCN(c2nccc(Nc3cc(NC(=O)c4c(Cl)cccc4Cl)ccn3)n2)CC1,6.129
642,CHEMBL3353410,C=CC(=O)Nc1cc(Nc2nccc(-c3cn(C)c4ccccc34)n2)c(OC)cc1N(C)CC[NH+](C)C,8.430
643,CHEMBL3354183,Cc1cc(Nc2cc(NC(=O)c3c(Cl)cccc3Cl)ccn2)nc(N[C@@H](C)CO)n1,6.996
644,CHEMBL3354184,O=C(Nc1ccnc(Nc2ccnc(N3CCC(O)CC3)n2)c1)c1c(Cl)cccc1Cl,6.145
645,CHEMBL3354188,COC1CCN(c2nccc(Nc3cc4c(ccn4C(C)C)cn3)n2)CC1,5.959
646,CHEMBL3354189,COC1CCN(c2nccc(Nc3cc4c(ccn4C4CCCC4)cn3)n2)CC1,6.257
647,CHEMBL3354190,COC1CCN(c2nccc(Nc3cc4c(cn3)ncn4C(C)C)n2)CC1,6.253
648,CHEMBL3354191,COC1CCN(c2nccc(Nc3cc4c(cn3)c(N)nn4C(C)C)n2)CC1,6.499
649,CHEMBL3354192,COC1CCN(c2nccc(Nc3cc4c(C(C)C)n[nH]c4cn3)n2)CC1,6.214
650,CHEMBL3354193,COC1CCN(c2nccc(Nc3cc4c(cn3)[nH]c(=O)n4C(C)C)n2)CC1,5.721
651,CHEMBL3354194,COC1CCN(c2nccc(Nc3cc4c(cn3)CCN4C(C)C)n2)CC1,5.602
652,CHEMBL3354195,COC1CCN(c2nccc(Nc3cc4c(ccc(=O)n4C(C)C)cn3)n2)CC1,5.824
653,CHEMBL336174,[NH3+]C(Cc1c(SSc2[nH]c3ccccc3c2CC([NH3+])C(=O)NCc2ccccc2)[nH]c2ccccc12)C(=O)NCc1ccccc1,4.693
655,CHEMBL336961,O=C1Cc2c([nH]c3ccc(Br)cc23)-c2ncccc2N1,5.700
656,CHEMBL340921,Cc1cc(O)ccc1-n1cc(C(N)=O)c(=O)c2ccc(-c3ccncc3)cc21,5.700
657,CHEMBL342929,CNC(=O)c1c(SSc2c(C(=O)NC)c3ccccc3n2C)n(C)c2ccccc12,5.524
659,CHEMBL3545308,C=CC(=O)Nc1cccc(Nc2nc(Nc3ccc(N4CCN(C(C)=O)CC4)cc3OC)ncc2C(F)(F)F)c1,7.598
660,CHEMBL3608429,C=CC(=O)N[C@@H]1CN(c2nc(Nc3cnn(C)c3)c3ncn(C(C)C)c3n2)C[C@H]1F,8.699
661,CHEMBL3608432,C=CC(=O)N[C@@H]1CN(c2nc(Nc3cn(C)nc3C)c3ncn(C(C)C)c3n2)C[C@H]1F,7.770
662,CHEMBL3633142,C=CC(=O)Nc1cccc(-n2c(=O)ccc3cnc(Nc4ccc(N5CC[NH+](C)CC5)cc4OC)nc32)c1,7.854
663,CHEMBL3633143,C=CC(=O)Nc1cccc(-n2c(=O)cc(C)c3cnc(Nc4ccc(N5CC[NH+](C)CC5)cc4OC)nc32)c1,7.319
664,CHEMBL3633145,C=CC(=O)Nc1cccc(-n2c(=O)c(Cc3ccccc3)cc3cnc(Nc4ccc(N5CC[NH+](C)CC5)cc4OC)nc32)c1,8.921
665,CHEMBL3633146,C=CC(=O)Nc1cccc(-n2c(=O)cc(C)c3cnc(Nc4ccc(N5CC[NH+](C)CC5)cc4)nc32)c1,7.469
666,CHEMBL3633152,C=CC(=O)Nc1cccc(-n2c(=O)cc(C)c3cnc(Nc4ccc(OCC[NH+](C)C)cc4OC)nc32)c1,6.658
667,CHEMBL3633349,C=CC(=O)Nc1cccc(-n2c3nc(Nc4ccc(N5CCC([NH+](C)C)CC5)cc4OC)ncc3c(=O)n3ccnc23)c1,6.509
668,CHEMBL363648,CCc1nc(-c2cccc(C)c2)c(-c2ccnc(NC(=O)c3ccccc3)c2)s1,6.700
669,CHEMBL371206,Cc1cc(C)cc(NC(=O)Nc2ccc(-c3c(C)sc4ncnc(N)c34)cc2)c1,5.700
670,CHEMBL3715932,Nc1nc(NCc2ccccc2)c2c(n1)[nH]c1ccc(O)cc12,6.155
671,CHEMBL3734786,Cc1nc2cnc(Nc3ccnc(N4CC[C@H](O)C(F)(F)C4)n3)cc2n1C(C)C,6.395
672,CHEMBL3734877,COC1CCN(c2nccc(Nc3cc4c(cn3)nc(CO)n4C(C)C)n2)CC1,6.398
673,CHEMBL3734933,CO[C@H]1CCN(c2nccc(Nc3cc4c(cn3)nc(CO)n4C(C)C)n2)C[C@H]1F,6.824
674,CHEMBL3734934,CC(C)n1c(CO)nc2cnc(Nc3ccnc(N4CC[C@H](O)[C@H](F)C4)n3)cc21,9.276
675,CHEMBL3734988,C[C@@H](O)c1nc2cnc(Nc3ccnc(N4CC[C@H](O)[C@H](F)C4)n3)cc2n1[C@H](C)C(F)(F)F,6.504
676,CHEMBL3735157,Cc1nc2cnc(Nc3ccnc(/C=C/C(C)(C)O)n3)cc2n1C(C)C,5.602
677,CHEMBL3735474,CO[C@H]1CCN(c2nccc(Nc3cc4c(cn3)nc(CO)n4C(C)C)n2)CC1(F)F,6.604
678,CHEMBL3735559,Cc1nc2cnc(Nc3ccnc(/C=C/C(C)(C)C(N)=O)n3)cc2n1C(C)C,5.824
679,CHEMBL3735638,Cc1nc2cnc(Nc3ccnc(N4CCC(C)(C(N)=O)C4)n3)cc2n1C(C)C,6.167
680,CHEMBL3735689,Cc1nc2cnc(Nc3ccnc(NCC(C)(C)C(N)=O)n3)cc2n1C(C)C,6.409
681,CHEMBL3735740,CO[C@H]1CCN(c2nccc(Nc3cc4c(cn3)nc(C)n4C(C)C)n2)C[C@@H]1F,5.735
682,CHEMBL3735782,Cc1nc2cnc(Nc3ccnc(NCC(C)(C)S(C)(=O)=O)n3)cc2n1C(C)C,5.740
683,CHEMBL3735892,Cc1nc2cnc(Nc3ccnc(OCC(C)(C)C(N)=O)n3)cc2n1C(C)C,6.357
684,CHEMBL3735952,COC1CCN(c2nccc(Nc3cc4[nH]cnc4cn3)n2)CC1,5.921
685,CHEMBL3735958,Cc1nc2cnc(Nc3ccnc(N4CC[C@H](O)[C@H](F)C4)n3)cc2n1C(C)C,6.041
686,CHEMBL373598,N#Cc1ncc2nc1OCCCCCOc1cc(OCCCO)c(Cl)cc1NC(=O)N2,5.350
687,CHEMBL3736121,CO[C@H]1CCN(c2nccc(Nc3cc4c(cn3)nc([C@@H](C)O)n4[C@H](C)C(F)(F)F)n2)C[C@H]1F,6.914
688,CHEMBL3736181,CO[C@H]1CCN(c2nccc(Nc3cc4c(cn3)nc(CO)n4C(C)C)n2)C[C@@H]1F,6.268
689,CHEMBL3736183,CO[C@H]1CCN(c2nccc(Nc3cc4c(cn3)nc(C)n4C(C)C)n2)C[C@H]1F,5.967
690,CHEMBL3736210,Cc1nc2cnc(Nc3ccnc(OCC(C)(C)S(C)(=O)=O)n3)cc2n1C(C)C,5.678
691,CHEMBL3736480,Cc1nc2cnc(Nc3ccnc(SCC(C)(C)C(N)=O)n3)cc2n1C(C)C,5.602
692,CHEMBL3736508,COC1CCN(c2nccc(Nc3cc4c(cn3)nc(C)n4C(C)C)n2)CC1,6.058
693,CHEMBL3751976,C=CC(=O)Nc1cccc(-n2c(=O)cc(CC)c3cnc(Nc4ccc(N5CC[NH+](C)CC5)cc4OC)nc32)c1,6.854
694,CHEMBL3752204,CN(C)/C=C/C(=O)Nc1cc2c(Nc3ccc(F)c(Cl)c3)ncnc2cc1O[C@H]1CCOC1,9.602
695,CHEMBL3752363,C=CC(=O)Nc1cccc(-n2c(=O)c(C)cc3cnc(Nc4ccc(N5CC[NH+](C)CC5)cc4OC)nc32)c1,8.208
696,CHEMBL3752448,C=CC(=O)Nc1cccc(-n2c(=O)cc(C3CC3)c3cnc(Nc4ccc(N5CC[NH+](C)CC5)cc4OC)nc32)c1,7.244
697,CHEMBL375284,Cc1cccc(NC(=O)Nc2ccc(-c3cccc4[nH]ncc34)cc2)c1,5.700
698,CHEMBL3753011,C=CC(=O)Nc1cccc(-n2c(=O)c(-c3ccccc3)c(C)c3cnc(Nc4ccc(N5CC[NH+](C)CC5)cc4OC)nc32)c1,8.367
699,CHEMBL3753235,C=CC(=O)Nc1cccc(-n2c(=O)c(-c3ccccc3)cc3cnc(Nc4ccc(N5CC[NH+](C)CC5)cc4OC)nc32)c1,8.602
700,CHEMBL3754564,C=CC(=O)Nc1cccc(-n2c(=O)cc(C)c3cnc(Nc4ccc(N5CC[NH+](C)CC5)cc4OCC)nc32)c1,6.456
701,CHEMBL3754803,C=CC(=O)Nc1cccc(-n2c(=O)cc(C)c3cnc(Nc4ccc(N5CC[NH+](C)CC5)cc4C)nc32)c1,7.143
702,CHEMBL3758502,CC1(C)OCc2c(Nc3n[nH]c4ccccc34)nc(-c3cn[nH]c3)nc21,9.222
703,CHEMBL3758602,CC1(C)OCc2c(Nc3n[nH]c4c(Cl)cccc34)nc(-c3cn[nH]c3)nc21,8.824
704,CHEMBL3758739,CC1(C)OCc2c(Nc3n[nH]c4c(Cl)cccc34)nc(-c3cn[nH]c3C(F)F)nc21,8.187
705,CHEMBL3759096,Cn1nccc1-c1nc(Nc2n[nH]c3ccccc23)c2c(n1)C(C)(C)OC2,8.959
706,CHEMBL377300,Cc1cc2c(F)c(Oc3ncnn4cc(OC[C@@H](C)O)c(C)c34)ccc2[nH]1,5.140
707,CHEMBL377383,CCOc1nc(C(=O)NCc2ccc(S(C)(=O)=O)cc2)cc(N)c1Cl,5.722
708,CHEMBL377408,CCOc1nc(C(=O)NCc2ccccc2S(N)(=O)=O)cc(N)c1C#N,5.700
709,CHEMBL3779957,COc1ccccc1Nc1cc[nH]c(=O)c1C(=O)Nc1ccc(N2CCC[NH+](C)CC2)cc1,6.152
710,CHEMBL3780006,O=C(Nc1ccccc1)c1c(NCCc2cccc(Cl)c2)cc[nH]c1=O,5.917
711,CHEMBL3780037,C[NH+]1CCN(c2ccc(NC(=O)c3c(NCCc4cccc(Cl)c4)cc[nH]c3=O)cc2)CC1,7.367
712,CHEMBL3780073,Cc1ccccc1Nc1cc[nH]c(=O)c1C(=O)Nc1ccc(N2CC[NH+](C)CC2)cc1,5.631
713,CHEMBL3780090,COc1ccccc1Nc1cc[nH]c(=O)c1C(=O)Nc1ccc(N2CC[NH+](C)CC2)cc1,5.963
714,CHEMBL3780109,C[NH+]1CCN(c2ccc(NC(=O)c3c(NCCc4ccccc4)cc[nH]c3=O)cc2)CC1,7.310
715,CHEMBL3780156,COc1ccccc1Nc1cc[nH]c(=O)c1C(=O)Nc1ccc(N2CC[NH+](C)CC2)cn1,5.602
716,CHEMBL3780175,COc1ccccc1Nc1cc[nH]c(=O)c1C(=O)Nc1ccc(N2CCS(=O)(=O)CC2)cc1,5.886
717,CHEMBL3780484,C[NH+]1CCN(c2ccc(NC(=O)c3c(Nc4ccccc4)cc[nH]c3=O)cc2)CC1,5.595
718,CHEMBL3780553,C[NH+]1CCN(c2ccc(NC(=O)c3c(NCCc4ccc(Cl)cc4)cc[nH]c3=O)cc2)CC1,7.432
719,CHEMBL3780563,COc1ccccc1Nc1cc[nH]c(=O)c1C(=O)Nc1ccc(C[NH+]2CC[NH+](C)CC2)cc1,5.921
720,CHEMBL3780635,C[NH+]1CCN(c2ccc(NC(=O)c3c(N)cc[nH]c3=O)cc2)CC1,5.595
721,CHEMBL3780709,C[NH+]1CCN(c2ccc(NC(=O)c3c(NCc4ccccc4)cc[nH]c3=O)cc2)CC1,6.457
722,CHEMBL3780841,COc1ccccc1Nc1cc[nH]c(=O)c1-c1nc2c(C(C)C)cccc2[nH]1,5.620
723,CHEMBL3780887,COc1ccccc1N(C)c1cc[nH]c(=O)c1C(=O)Nc1ccc(N2CC[NH+](C)CC2)cc1,5.595
724,CHEMBL3780955,C[NH+]1CCN(c2ccc(NC(=O)c3c(Nc4ccccc4Cl)cc[nH]c3=O)cc2)CC1,5.830
725,CHEMBL3781338,C[NH+]1CCN(c2ccc(NC(=O)c3c(Nc4ccc(Cl)cc4)cc[nH]c3=O)cc2)CC1,5.595
726,CHEMBL3781344,C[NH+]1CCN(c2ccc(NC(=O)c3c(Nc4ccncn4)cc[nH]c3=O)cc2)CC1,5.595
727,CHEMBL3781433,C[NH+]1CCN(c2ccc(NC(=O)c3c(NC[C@@H](O)c4cccc(Cl)c4)cc[nH]c3=O)cc2)CC1,7.745
728,CHEMBL3781439,C[NH+]1CCN(c2ccc(NC(=O)c3c(Nc4cccc(Cl)c4)cc[nH]c3=O)cc2)CC1,5.599
729,CHEMBL3781462,COc1ccccc1Nc1cc[nH]c(=O)c1C(=O)Nc1ccc(N2CC[NH+](C)CC2)nc1,5.602
730,CHEMBL3781676,C[NH+]1CCN(c2ccc(NC(=O)c3c(Nc4ccncc4N)cc[nH]c3=O)cc2)CC1,5.910
731,CHEMBL3781805,COc1ccccc1Nc1cc[nH]c(=O)c1C(=O)Nc1ccc(N2CCC(C)CC2)cc1,5.602
732,CHEMBL3781817,CN(C)c1ccc(NC(=O)c2c(NCCc3cccc(Cl)c3)cc[nH]c2=O)cc1,6.121
733,CHEMBL3781897,COc1ccccc1Nc1cc[nH]c(=O)c1C(=O)Nc1ccc(C2CC[NH+](C)CC2)cc1,6.198
734,CHEMBL3781934,COc1ccccc1Nc1cc[nH]c(=O)c1C(N)=O,5.602
735,CHEMBL3781988,C[NH+]1CCN(c2ccc(NC(=O)c3c(Nc4ccccn4)cc[nH]c3=O)cc2)CC1,5.595
736,CHEMBL3781993,C[NH+]1CCN(c2ccc(NC(=O)c3c(Nc4ccnc(N)n4)cc[nH]c3=O)cc2)CC1,6.071
737,CHEMBL3786098,C=CC(=O)N1C[C@H](COc2nc(Nc3cnn(C)c3)nc3[nH]cc(Cl)c23)[C@@H](OC)C1,5.796
738,CHEMBL378627,COc1cc(S(C)(=O)=O)c(OC)cc1CC(=O)Nc1cc(N)c(C#N)c(OC(C)C)n1,5.722
739,CHEMBL379218,Cc1n[nH]c2ccc(-c3cncc(OC[C@@H]([NH3+])Cc4ccccc4)c3)cc12,5.000
740,CHEMBL379835,Cc1nn(-c2ccccc2)c2c1c(=O)c1cc(Cl)ccc1n2O,5.700
741,CHEMBL38380,O=S(=O)(c1cccc2cnccc12)N1CCC[NH2+]CC1,5.700
742,CHEMBL384304,COc1ccc(F)c(F)c1C(=O)c1cnc(NC2CCN(S(C)(=O)=O)CC2)nc1N,5.133
743,CHEMBL385478,c1cnc2[nH]cc(-c3ccnc(NC4CCCCC4)n3)c2c1,5.700
744,CHEMBL386051,CSc1cccc(Nc2ncc3cc(-c4c(Cl)cccc4Cl)c(=O)n(C)c3n2)c1,5.866
745,CHEMBL387971,COCCOCC#Cc1cc(-c2n[nH]c3c2C(=O)c2cc(C[NH+]4CC[NH+](C)CC4)ccc2-3)cs1,5.700
746,CHEMBL3883534,C=CC(=O)Nc1cc2c(Nc3ccc(F)c(Cl)c3)ncnc2cc1OC,9.854
747,CHEMBL388978,C[NH2+][C@@H]1C[C@H]2O[C@@](C)([C@@H]1OC)n1c3ccccc3c3c4c(c5c6ccccc6n2c5c31)C(=O)NC4,6.755
748,CHEMBL392642,CSc1ccccc1CNc1ncc([N+](=O)[O-])c(NCC2CCC(C[NH3+])CC2)n1,5.700
749,CHEMBL394619,Cc1cccc(NC(=O)Nc2ccc(-c3csc4ccnc(N)c34)cc2)c1,5.700
750,CHEMBL394790,Nc1nccc2scc(-c3ccc(NC(=O)Nc4cccc(Cl)c4)cc3)c12,5.700
751,CHEMBL396523,O=C([O-])c1ccccc1Nc1ccnc(Nc2ccc3[nH]ncc3c2)n1,6.500
752,CHEMBL398951,N#Cc1ccc(-c2n[nH]c3c2Cc2ccc(OCCCC[NH+]4CCOCC4)cc2-3)cn1,5.700
753,CHEMBL3989970,C=CC(=O)N[C@@H]1CN(c2nc(Nc3cn(C)nc3OC)c3ncn(C)c3n2)C[C@H]1F,7.886
754,CHEMBL399438,N#Cc1cnc2cc(-c3ccc(C[NH+]4CCOCC4)cc3)ccc2c1N[C@@H]1C[C@H]1c1ccccc1,7.097
755,CHEMBL400742,COc1cc2ncc(C#N)c(N[C@@H]3C[C@H]3c3ccc(Br)cc3)c2cc1OC,6.658
756,CHEMBL401054,COc1cc2ncc(C#N)c(N[C@@H]3C[C@H]3c3ccccc3)c2cc1OCC[NH+]1CCOCC1,7.194
757,CHEMBL401251,COCCOc1cc2ncc(C#N)c(N[C@@H]3C[C@H]3c3ccccc3)c2cc1OC,7.222
758,CHEMBL401644,COc1ccc2ncc(C#N)c(N[C@@H]3C[C@H]3c3ccccc3)c2c1,6.444
759,CHEMBL402846,Cc1ccc(F)c(NC(=O)Nc2ccc(-c3cncc4c3c(N)nn4C)cc2)c1,5.700
760,CHEMBL404367,Cc1cccc(NC(=O)Nc2ccc(-c3cncc4c3c(N)nn4C)cc2)c1,5.700
761,CHEMBL4060727,Nc1nc(NCCc2ccccc2)c2c(n1)[nH]c1ccc(O)cc12,6.194
762,CHEMBL4061297,Nc1nc(NCc2ccc(Cl)cc2)c2c(n1)[nH]c1ccc(O)cc12,7.097
763,CHEMBL4061797,COc1ccc(CNc2nc(N)nc3[nH]c4ccc(O)cc4c23)cc1OC,5.434
764,CHEMBL406845,CC(C)(C)n1nc(-c2ccc(Cl)cc2)c2c(N)ncnc21,5.000
765,CHEMBL4068763,C=CC(=O)Nc1cc(Nc2n[nH]c3cc(Nc4cccc(F)c4)ccc23)c(OC)cc1N(C)CC[NH+](C)C,8.277
766,CHEMBL4069965,Nc1nc(NCc2ccccc2)c2c(n1)[nH]c1cc(Br)c(O)cc12,6.432
767,CHEMBL4070420,Nc1nc(NCc2cccc(Cl)c2)c2c(n1)[nH]c1ccc(O)cc12,6.538
768,CHEMBL4071012,C=CC(=O)NCCSc1nc(-c2ccc(F)cc2)c(-c2ccnc(Nc3ccccc3)c2)[nH]1,9.108
769,CHEMBL4071827,C=CC(=O)Nc1cccc(-c2c[nH]c3nccc(-c4[nH]c(CCCO)nc4-c4ccc(F)cc4)c23)c1,8.447
770,CHEMBL4072687,COc1ccc(CNc2nc(N)nc3[nH]c4cc(C)c(O)cc4c23)cc1,5.225
771,CHEMBL4073523,COc1cc2[nH]c3nc(N)nc(NCc4ccccc4)c3c2cc1O,6.215
772,CHEMBL4080640,Cc1ccc(CNc2nc(N)nc3[nH]c4ccc(O)cc4c23)cc1,7.046
773,CHEMBL4083162,Cc1cc2[nH]c3nc(N)nc(NCc4ccc(Cl)cc4)c3c2cc1O,6.959
774,CHEMBL4083567,Cc1cc2[nH]c3nc(N)nc(NCc4cccc(Cl)c4)c3c2cc1O,6.046
775,CHEMBL4084090,COc1cccc(CNc2nc(N)nc3[nH]c4ccc(O)cc4c23)c1,5.900
776,CHEMBL4088941,C[C@@H](Nc1nc(N)nc2[nH]c3ccc(O)cc3c12)c1ccccc1,6.041
777,CHEMBL4089863,C=CC(=O)Nc1cc(Nc2n[nH]c3ccc(-c4ccc5ccccc5c4)cc23)c(OC)cc1N(C)CC[NH+](C)C,7.121
778,CHEMBL4090945,Nc1nc(NCc2ccccc2)c2c(n1)[nH]c1cc(Cl)c(O)cc12,6.569
779,CHEMBL4091355,COc1ccccc1CNc1nc(N)nc2[nH]c3cc(C)c(O)cc3c12,5.395
780,CHEMBL4094157,Cc1cc2[nH]c3nc(N)nc(NCc4ccccc4)c3c2cc1O,6.194
781,CHEMBL4098072,C=CC(=O)Nc1ccc(OC)c(Nc2cc(-c3[nH]c(SC)nc3-c3ccc(F)cc3)ccn2)c1,9.728
782,CHEMBL4098444,C=CC(=O)Nc1cc(Nc2n[nH]c3cc(-c4cn(C)c5ccccc45)ccc23)c(OC)cc1N(C)CC[NH+](C)C,6.899
783,CHEMBL4098682,Cc1ccc(CNc2nc(N)nc3[nH]c4cc(C)c(O)cc4c23)cc1,5.246
784,CHEMBL4099089,C[C@H](Nc1nc(N)nc2[nH]c3ccc(O)cc3c12)c1ccccc1,6.284
785,CHEMBL4099589,COc1ccc(CNc2nc(N)nc3[nH]c4ccc(O)cc4c23)cc1,6.921
786,CHEMBL4100860,C=CC(=O)Nc1ccc(OC)c(Nc2cc(-c3[nH]c(CCCO)nc3-c3ccc(F)cc3)ccn2)c1,10.339
787,CHEMBL4102074,COc1ccccc1CNc1nc(N)nc2[nH]c3ccc(O)cc3c12,5.728
788,CHEMBL411903,Nc1ncnc2c1N=C(c1ccc(NC(=O)Nc3cc(C(F)(F)F)ccc3F)cc1)CCN2,5.700
789,CHEMBL412142,Cc1c[nH]c(-c2cnc(NCCNc3ccc(C#N)cn3)nc2-c2ccc(Cl)cc2Cl)n1,5.700
790,CHEMBL413779,N#Cc1ncc2nc1OCCCCCOc1cc(OCCO)c(Cl)cc1NC(=O)N2,5.700
791,CHEMBL41783,C[NH+](C)CCCC(=O)Nc1n[nH]c2nnc(-c3cccc(F)c3F)cc12,5.700
792,CHEMBL4203072,C=CC(=O)N[C@@H]1CCN(c2nc(Nc3cnn(C)c3)c3ncn(C(C)C)c3n2)C1,6.738
793,CHEMBL4203084,O=[N+]([O-])c1ccc2oc3nccc(NCc4ccc(Cl)cc4)c3c2c1,5.599
794,CHEMBL4203339,Nc1ccc2oc3nccc(NCc4cccc(Cl)c4)c3c2c1,6.398
795,CHEMBL420385,N#CC(C#N)=Cc1ccc(N2CCOCC2)cc1,3.602
796,CHEMBL4204320,Nc1cccc(CNc2ccnc3oc4ccc([N+](=O)[O-])cc4c23)c1,5.445
797,CHEMBL4204498,C=CC(=O)N1C[C@H](F)[C@@H](Nc2nc(Nc3cnn(C)c3)c3ncn(C(C)C)c3n2)C1,7.252
798,CHEMBL4204566,C=CC(=O)N[C@H]1CN(c2nc(Nc3cnn(C)c3)c3ncn(C(C)C)c3n2)C[C@@H]1F,6.818
799,CHEMBL4205392,C=CC(=O)N[C@@H]1CN(c2nc(Nc3cn(C)nc3OC)c3ncn(CC)c3n2)C[C@H]1F,8.222
800,CHEMBL4206140,Nc1cccc(CNc2ccnc3oc4ccc(N)cc4c23)c1,6.027
801,CHEMBL4206312,C=CC(=O)N1CC[C@@H](Nc2nc(Nc3ccc(N4CC[NH+](C)CC4)cc3)c3ncn(C(C)C)c3n2)C1,7.495
802,CHEMBL4206481,C=CC(=O)N1CC[C@@H](Nc2nc(Nc3cnn(C)c3)nc3[nH]cc(Cl)c23)C1,8.398
803,CHEMBL4206604,CC(=O)N1CC[C@H](Nc2nc(Nc3ccc(N4CC[NH+](C)CC4)cc3)c3ncn(C(C)C)c3n2)C1,6.793
804,CHEMBL4207398,O=[N+]([O-])c1ccc2[nH]c3nccc(NCc4cccc(Cl)c4)c3c2c1,7.097
805,CHEMBL4207425,C=CC(=O)N[C@@H]1CCN(c2nc(Nc3ccc(N4CC[NH+](C)CC4)cc3)c3ncn(C(C)C)c3n2)C1,6.793
806,CHEMBL4207951,C=CC(=O)N1C[C@@H]2CN(c3nc(Nc4cnn(C)c4)c4ncn(C(C)C)c4n3)C[C@@H]2C1,7.071
807,CHEMBL4208649,O=[N+]([O-])c1ccc2oc3nccc(NCc4cccc(Br)c4)c3c2c1,6.167
808,CHEMBL4208811,C=CC(=O)N[C@H]1CCN(c2nc(Nc3ccc(N4CC[NH+](C)CC4)cc3)c3ncn(C(C)C)c3n2)C1,8.046
809,CHEMBL4208829,C=CC(=O)N[C@@H]1CN(c2nc(Nc3cn(C)nc3OC)c3ncn(C(C)(C)C)c3n2)C[C@H]1F,7.745
810,CHEMBL4209187,O=[N+]([O-])c1ccc2oc3nccc(NCc4ccc(Br)cc4)c3c2c1,6.092
811,CHEMBL4209368,C=CC(=O)N1CC[C@@H](Nc2nc(Nc3cnn(C)c3)c3ncn(C(C)C)c3n2)C1,6.979
812,CHEMBL4209480,Nc1ccc2[nH]c3nccc(NCc4cccc(Cl)c4)c3c2c1,6.854
813,CHEMBL4210187,COc1cccc(CNc2ccnc3oc4ccc(N)cc4c23)c1,6.770
814,CHEMBL4211341,O=[N+]([O-])c1cccc(CNc2ccnc3oc4ccc([N+](=O)[O-])cc4c23)c1,6.032
815,CHEMBL4211367,C=CC(=O)N1C[C@H](F)[C@@H](Nc2nc(Nc3cnn(C)c3)nc3[nH]cc(Cl)c23)C1,8.523
816,CHEMBL4211782,C=CC(=O)Nc1cccc(Oc2nc(Nc3cnn(CC[NH+](C)C)c3)nc3[nH]ccc23)c1,8.523
817,CHEMBL4212326,C=CC(=O)N[C@H]1CCN(c2nc(Nc3cnn(C)c3)c3ncn(C(C)C)c3n2)C1,7.444
818,CHEMBL4213021,Nc1ccc2oc3nccc(NCc4cccc(Br)c4)c3c2c1,6.638
819,CHEMBL4213049,O=[N+]([O-])c1ccc2oc3nccc(NCc4cccc(Cl)c4)c3c2c1,5.866
820,CHEMBL4213741,C=CC(=O)N1CC[C@H](Nc2nc(Nc3ccc(N4CC[NH+](C)CC4)cc3)c3ncn(C(C)C)c3n2)C1,6.785
821,CHEMBL4214266,O=[N+]([O-])c1ccc2[nH]c3nccc(NCc4cccc(Br)c4)c3c2c1,6.959
822,CHEMBL4214387,Nc1ccc2[nH]c3nccc(NCc4cccc(Br)c4)c3c2c1,6.959
823,CHEMBL4216679,C=CC(=O)N[C@@H]1CN(c2nc(Nc3cn(C)nc3OC)c3ncn(C(C)C)c3n2)C[C@H]1F,8.097
824,CHEMBL4216749,C=CC(=O)Nc1cccc(Oc2nc(Nc3cnn(CC[NH+](C)C)c3)nc3[nH]ccc23)c1F,8.699
825,CHEMBL4217440,COc1cccc(CNc2ccnc3[nH]c4ccc([N+](=O)[O-])cc4c23)c1,6.481
826,CHEMBL4217461,COc1cccc(CNc2ccnc3oc4ccc([N+](=O)[O-])cc4c23)c1,5.562
827,CHEMBL4217693,COc1cccc(CNc2ccnc3[nH]c4ccc(N)cc4c23)c1,6.495
828,CHEMBL4217976,COc1ccc(CNc2ccnc3oc4ccc([N+](=O)[O-])cc4c23)cc1,5.688
829,CHEMBL4218154,C=CC(=O)N[C@@H]1CN(c2nc(Nc3cn(C)nc3CC)c3ncn(C(C)C)c3n2)C[C@H]1F,7.721
830,CHEMBL421877,COc1cc(C=C(C#N)C#N)cc(OC)c1O,3.523
831,CHEMBL422897,C[NH+]1CCC(c2c(O)cc(O)c3c(=O)cc(-c4ccccc4Cl)oc23)C(O)C1,5.700
832,CHEMBL4245242,O=C(Cc1cccc(OCCCC2CC[NH2+]CC2)c1)Nc1nc(-c2c[nH]c3ncccc23)cs1,5.699
833,CHEMBL4247704,CC(C)CN(C(=O)c1cccnc1)c1c2ccccc2c(=O)n2c1[nH]c1ccccc12,5.301
834,CHEMBL4248525,C[NH+]1CC[NH+](CCCOc2cccc(CC(=O)Nc3nc(-c4c[nH]c5ncccc45)cs3)c2)CC1,5.000
835,CHEMBL424872,CCOc1nc(C(=O)NCc2ccc(S(C)(=O)=O)cc2)cc(N)c1C#N,5.700
836,CHEMBL4249925,CS(=O)(=O)Nc1cccc(CC(=O)Nc2nc(-c3c[nH]c4ncccc34)cs2)c1,5.000
837,CHEMBL428690,C[NH+]1CC[C@H](c2c(O)cc(O)c3c(=O)cc(-c4ccccc4Cl)oc23)[C@H](O)C1,5.491
839,CHEMBL437747,CCCn1c(C2CC[NH2+]CC2)nc(-c2ccc(Cl)c(Cl)c2)c1-c1ccnc(NC2CCCCC2)n1,5.700
840,CHEMBL440084,NC(=O)c1ccc(-c2nc(-c3ccccn3)c(-c3ccc4c(c3)OCO4)[nH]2)cc1,5.000
841,CHEMBL443962,COc1ccc(-c2cnc3c(Br)cnn3c2)cc1,5.700
842,CHEMBL445813,O=C(NC1CC[NH2+]CC1)c1n[nH]cc1NC(=O)c1c(Cl)cccc1Cl,5.000
843,CHEMBL450786,Cc1[nH]c(/C=C2\C(=O)Nc3ccc(S(=O)(=O)Cc4c(Cl)cccc4Cl)cc32)c(C)c1C(=O)N1CCC[C@@H]1C[NH+]1CCCC1,5.000
844,CHEMBL451401,NC(=O)c1cccc2cn[nH]c12,4.700
845,CHEMBL451964,FC(F)(F)c1ccc(-c2nnc3ccc(NC4CC4)nn23)cc1,5.700
846,CHEMBL458997,CNC(=O)c1ccccc1Nc1nc(Nc2ccc(N3CCOCC3)cc2OC)ncc1Cl,7.500
847,CHEMBL464552,CNC(=O)c1c(F)cccc1Nc1nc(Nc2cc3c(cc2OC)CCN3C(=O)C[NH+](C)C)nc2[nH]ccc12,5.717
848,CHEMBL468280,CCn1c2cc(Cl)c(F)cc2c(=O)c2c(=O)o[nH]c21,5.700
849,CHEMBL474432,COc1cc2ncn(-c3cc(OCc4ccccc4C(F)(F)F)c(C(=O)[O-])s3)c2cc1OC,5.700
850,CHEMBL475251,COc1cc(Nc2ncc(F)c(Nc3ccc4c(n3)NC(=O)C(C)(C)O4)n2)cc(OC)c1OC,6.386
851,CHEMBL477772,Cc1ccc(Nc2nccc(N(C)c3ccc4c(C)n(C)nc4c3)n2)cc1S(N)(=O)=O,5.000
852,CHEMBL481491,NC(=O)c1sc(-n2cnc3ccccc32)cc1OCc1ccccc1C(F)(F)F,5.700
853,CHEMBL482767,O=C(Nc1cccc(Cl)c1)Nc1ncc(CCN=c2[nH]cnc3ccsc23)s1,5.700
854,CHEMBL482967,Cc1nc(N)sc1-c1ccnc(Nc2ccc(N3CCOCC3)cc2)n1,6.000
855,CHEMBL483158,COc1cc(Nc2ncc3c(n2)-c2ccc(Cl)cc2C(c2c(F)cccc2OC)=NC3)ccc1C(=O)[O-],6.700
856,CHEMBL483321,COCC(=O)NC/C=C/c1ccc2ncnc(Nc3ccc(Oc4ccc(C)nc4)c(C)c3)c2c1,6.739
857,CHEMBL484390,CCCCn1c(NC(=O)c2ccc(C#N)cc2)nc2cc(N(C)C(=O)C3CCCCC3)ccc21,5.700
858,CHEMBL485556,CN(C(=O)C1CCCCC1)c1ccc2c(c1)nc(NC(=O)c1ccc(C#N)cc1)n2CCC(N)=O,5.700
859,CHEMBL491473,COc1cc2c(Oc3ccc4[nH]c(C)cc4c3F)ncnc2cc1OCCC[NH+]1CCCC1,6.293
860,CHEMBL491758,Fc1cnc(Nc2ccccc2)nc1Nc1ccccc1,5.700
861,CHEMBL493937,C[NH+]1CCCN(c2cncc(-c3cccc(/C=C/C(=O)[O-])c3)n2)CC1,5.000
862,CHEMBL494089,CCn1c(-c2nonc2N)nc2c(C#CC(C)(C)O)ncc(OC[C@H]3CCC[NH2+]C3)c21,5.000
863,CHEMBL497151,O=c1nc(-c2cc3c(Oc4ccc(I)cc4)cncc3s2)[nH]o1,5.700
864,CHEMBL502835,COC(=O)c1ccc2c(c1)NC(=O)/C2=C(\Nc1ccc(N(C)C(=O)C[NH+]2CC[NH+](C)CC2)cc1)c1ccccc1,5.000
865,CHEMBL504075,Cc1cccc(C(=O)Nc2cccc([C@H](C)Nc3cncc(Cl)n3)c2)c1,5.000
866,CHEMBL504950,Cc1cc(C)c2c(n1)sc1c(N)ncnc12,5.700
867,CHEMBL507936,Cc1cccc(NC(=O)Nc2ccc(-c3ccc4nccnc4c3N)cc2)c1,5.700
868,CHEMBL508928,Cc1cccc(NC(=O)Nc2ccc(-c3cnc4c(-c5cnn(C)c5)cnn4c3N)cc2)c1,6.000
869,CHEMBL50894,O=C1Cc2c([nH]c3ccc([N+](=O)[O-])cc23)-c2ccccc2N1,6.000
870,CHEMBL509032,COc1cc(N2CCC([NH+]3CC[NH+](C)CC3)CC2)ccc1Nc1ncc(Cl)c(Nc2ccccc2S(=O)(=O)C(C)C)n1,7.069
871,CHEMBL513909,CC[C@@H]1C(=O)N(C)c2cnc(Nc3ccc(C(=O)NC4CC[NH+](C)CC4)cc3OC)nc2N1C1CCCC1,5.811
872,CHEMBL514499,COc1cc2ncn(-c3cc(OCc4ccccc4C(F)(F)F)c(C(N)=O)s3)c2cc1OC,6.600
873,CHEMBL519697,CN(C(=O)C1CCCCC1)c1ccc2c(c1)nc(NC(=O)c1ccc(C#N)cc1)n2C,5.700
874,CHEMBL521851,CS(=O)(=O)N1CC[NH+](Cc2cc3nc(-c4cccc5[nH]ncc45)nc(N4CCOCC4)c3s2)CC1,5.000
875,CHEMBL522892,C[NH+]1CCN(c2ccc3nc(-c4c(N)c5c(F)cccc5[nH]c4=O)[nH]c3c2)CC1,5.112
876,CHEMBL523823,CCn1c2cc(Cl)c(O)cc2c(=O)c2c(=O)o[nH]c21,5.700
877,CHEMBL525191,OCCn1cc(-c2ccc3c(c2)CC/C3=N\O)c(-c2ccncc2)n1,5.000
878,CHEMBL526133,O=c1nc(-c2ccc3[nH]ncc3c2)cc(-c2ccccc2)[nH]1,5.700
879,CHEMBL535,CC[NH+](CC)CCNC(=O)c1c(C)[nH]c(/C=C2\C(=O)Nc3ccc(F)cc32)c1C,5.078
880,CHEMBL539474,O=C1CCCN1Cc1ccc2c(c1)[nH]c(=O)c1cccn12,5.700
881,CHEMBL553,C#Cc1cccc(Nc2ncnc3cc(OCCOC)c(OCCOC)cc23)c1,9.002
882,CHEMBL554,CS(=O)(=O)CC[NH2+]Cc1ccc(-c2ccc3ncnc(Nc4ccc(OCc5cccc(F)c5)c(Cl)c4)c3c2)o1,8.299
883,CHEMBL558752,Cn1c(Nc2ccc(C(F)(F)F)cc2)nc2cc(Oc3ccnc(-c4ncc(C(F)(F)F)[nH]4)c3)ccc21,5.000
884,CHEMBL560813,N#Cc1cnc(NC(=O)Nc2ccc3cc(C(=O)[O-])ccc3c2)cn1,5.700
885,CHEMBL562488,O=c1[nH]cnc2ccc(Br)cc12,4.700
886,CHEMBL565612,C[NH+]1CCN(c2nc(C3=C(c4c[nH]c5ccccc45)C(=O)NC3=O)c3ccccc3n2)CC1,5.900
887,CHEMBL567331,c1csc(CNc2ncnc3ccc(-c4ccc5c(c4)OCO5)cc23)c1,6.638
888,CHEMBL572878,Cc1cc(Nc2cc(N3CC[NH+](C)CC3)nc(Sc3ccc(NC(=O)C4CC4)cc3)n2)n[nH]1,5.035
889,CHEMBL572881,CC1(C)CNc2cc(NC(=O)c3cccnc3NCc3ccncc3)ccc21,5.550
890,CHEMBL573339,Oc1cccc(-c2nc(N3CCOCC3)c3oc4ncccc4c3n2)c1,5.000
891,CHEMBL574738,CC[NH+]1CC[NH+](Cc2ccc(NC(=O)Nc3ccc(Oc4cc(NC)ncn4)cc3)cc2C(F)(F)F)CC1,6.043
892,CHEMBL576982,CC(C)(C)c1cc(NC(=O)Nc2ccc(-c3cn4c(n3)sc3cc(OCC[NH+]5CCOCC5)ccc34)cc2)no1,5.000
893,CHEMBL583144,O=c1[nH]cnc2c1sc1c(Cl)ccc(Cl)c12,5.700
894,CHEMBL590109,Nc1ncc2c(n1)c(-c1cc(-c3cc4ccccc4s3)c3[nH]ncc3c1)cn2CC[NH3+],6.800
895,CHEMBL592030,Nc1ncc2c(n1)c(-c1cc(-c3cc4ccccc4s3)c3[nH]ncc3c1)cn2CCC[NH3+],5.700
896,CHEMBL601719,C[C@@H](Oc1cc(-c2cnn(C3CC[NH2+]CC3)c2)cnc1N)c1c(Cl)ccc(F)c1Cl,5.095
897,CHEMBL603469,C[C@]12O[C@H](C[C@]1(O)CO)n1c3ccccc3c3c4c(c5c6ccccc6n2c5c31)CNC4=O,6.349
898,CHEMBL607707,CCOc1cc2ncc(C#N)c(Nc3ccc(F)c(Cl)c3)c2cc1NC(=O)/C=C/C[NH+](C)C,9.439
899,CHEMBL608154,COc1c(Cl)cc2c([nH]c3cnccc32)c1NC(=O)c1cccnc1C,5.000
900,CHEMBL608533,CO[C@@H]1[C@H](N(C)C(=O)c2ccccc2)C[C@H]2O[C@]1(C)n1c3ccccc3c3c4c(c5c6ccccc6n2c5c31)C(=O)NC4,5.958
901,CHEMBL66879,O=C([O-])/C=C/c1ccc(O)cc1,3.000
902,CHEMBL73820,N#C/C(=C\c1ccc(O)c(O)c1)C(=O)[O-],4.155
903,CHEMBL76557,N#CCNC(=O)/C(C#N)=C/c1ccc(O)cc1,3.444
904,CHEMBL76602,N#C/C(=C\c1ccc(O)cc1)C(=O)[O-],3.511
905,CHEMBL76642,N#C/C(=C/c1cc(O)ccc1O)C(=O)[O-],4.620
906,CHEMBL76904,N#CC(C#N)=Cc1ccc(O)c(O)c1,4.959
907,CHEMBL76905,N#CC(C#N)=Cc1cc(O)cc(O)c1,5.000
908,CHEMBL76979,COc1cc(/C=C(\C#N)C(=O)[O-])cc(OC)c1O,3.155
909,CHEMBL76983,N#CC(C#N)=Cc1ccc(F)cc1,3.398
910,CHEMBL76985,N#C/C(=C\c1ccc(C=O)cc1)C(=O)[O-],3.854
911,CHEMBL77030,N#C/C(=C\c1ccc(O)c(O)c1)C(N)=S,6.071
912,CHEMBL77085,N#CC(C#N)=Cc1cc(O)ccc1[N+](=O)[O-],4.620
913,CHEMBL77197,COc1cc(/C(C)=C(\C#N)C(=O)[O-])ccc1O,3.467
914,CHEMBL77278,Cc1ccc(/C=C(\C#N)C(=O)[O-])cc1,2.870
915,CHEMBL77298,COc1cc(C=C(C#N)C#N)cc(Br)c1O,4.301
916,CHEMBL77387,N#CC(C#N)=Cc1ccc([N+](=O)[O-])c(O)c1,3.824
917,CHEMBL77436,CN(C)c1ccc(/C=C(\C#N)C(=O)[O-])cc1,2.854
918,CHEMBL77456,COc1ccc(C=C(C#N)C#N)cc1,3.398
919,CHEMBL77524,COc1ccc(/C=C(\C#N)C(=O)[O-])cc1,2.602
920,CHEMBL77595,N#C/C(=C\c1ccccc1)C(=O)[O-],2.602
921,CHEMBL77724,COc1cc(C=C(C#N)C#N)cc(OC)c1,3.398
922,CHEMBL77778,N#CC(C#N)=Cc1ccc(/C=C/C(=O)[O-])cc1,3.824
923,CHEMBL77869,COc1cc(C=C(C#N)C#N)ccc1O,4.174
924,CHEMBL78005,N#CC(C#N)=Cc1ccc2c(c1)OCO2,3.932
925,CHEMBL78150,CC(C)(C)c1cc(C=C(C#N)C#N)cc(C(C)(C)C)c1O,3.810
926,CHEMBL78174,N#CC(C#N)=Cc1ccc(C(=O)[O-])cc1,3.845
927,CHEMBL78184,N#C/C(=C\c1ccc(F)cc1)C(=O)[O-],2.602
928,CHEMBL80155,COc1cc(C=C(C#N)C#N)cc(O)c1O,5.658
929,CHEMBL91829,C[NH+](C)C[C@@H]1CCn2cc(c3ccccc32)C2=C(C(=O)NC2=O)c2cn(c3ccccc23)CCO1,5.019
930,CHEMBL939,COc1cc2ncnc(Nc3ccc(F)c(Cl)c3)c2cc1OCCC[NH+]1CCOCC1,8.794
931,CHEMBL941,Cc1ccc(NC(=O)c2ccc(C[NH+]3CC[NH+](C)CC3)cc2)cc1Nc1nccc(-c2cccnc2)n1,5.041
932,CHEMBL95692,COc1nccc(-c2c(-c3ccc(F)cc3)ncn2C2CC[NH2+]CC2)n1,5.700
